contractSymbol,lastTradeDate,strike,lastPrice,bid,ask,change,percentChange,volume,openInterest,impliedVolatility,inTheMoney,contractSize,currency,expiry,dte,spot,mid,moneyness,T
SPY260116C00595000,2026-01-02 16:52:41+00:00,595.0,86.66,89.07,89.63,-2.3799973,-2.672953,10.0,3905,0.4705863488769531,True,REGULAR,USD,2026-01-16,12,683.1699829101562,89.35,1.1481848452271535,0.03287671232876712
SPY260116C00600000,2026-01-02 20:48:42+00:00,600.0,83.28,84.09,84.64,-1.1100006,-1.3153224,137.0,18941,0.4483697741699218,True,REGULAR,USD,2026-01-16,12,683.1699829101562,84.36500000000001,1.1386166381835938,0.03287671232876712
SPY260116C00605000,2026-01-02 21:05:45+00:00,605.0,79.4,79.12,79.7,-2.1800003,-2.672224,6.0,3455,0.4294490649414063,True,REGULAR,USD,2026-01-16,12,683.1699829101562,79.41,1.1292065833225724,0.03287671232876712
SPY260116C00610000,2026-01-02 21:05:37+00:00,610.0,74.42,74.14,74.72,-0.22000122,-0.29474977,170.0,4319,0.4075986975097656,True,REGULAR,USD,2026-01-16,12,683.1699829101562,74.43,1.1199507916559939,0.03287671232876712
SPY260116C00615000,2026-01-02 20:59:50+00:00,615.0,69.17,69.16,69.71,-2.209999,-3.0961041,88.0,2936,0.3839172937011719,True,REGULAR,USD,2026-01-16,12,683.1699829101562,69.435,1.1108455006669207,0.03287671232876712
SPY260116C00620000,2026-01-02 20:49:47+00:00,620.0,63.66,64.23,64.73,-1.1099968,-1.7137514,74.0,5416,0.3619448571777344,True,REGULAR,USD,2026-01-16,12,683.1699829101562,64.48,1.1018870692099294,0.03287671232876712
SPY260116C00621000,2025-12-23 20:45:19+00:00,621.0,69.31,63.18,64.98,0.0,0.0,54.0,40,0.4172421557617187,True,REGULAR,USD,2026-01-16,12,683.1699829101562,64.08,1.1001126938971921,0.03287671232876712
SPY260116C00622000,2026-01-02 20:59:43+00:00,622.0,62.2,61.21,64.0,-7.0600014,-10.193476,28.0,28,0.412969737548828,True,REGULAR,USD,2026-01-16,12,683.1699829101562,62.605000000000004,1.0983440239713123,0.03287671232876712
SPY260116C00623000,2025-12-26 14:53:05+00:00,623.0,69.99,60.21,62.98,0.0,0.0,40.0,45,0.4069883520507812,True,REGULAR,USD,2026-01-16,12,683.1699829101562,61.595,1.0965810319585172,0.03287671232876712
SPY260116C00624000,2025-12-24 16:46:43+00:00,624.0,68.67,60.21,60.77,0.0,0.0,352.0,196,0.3455875988769531,True,REGULAR,USD,2026-01-16,12,683.1699829101562,60.49,1.094823690561148,0.03287671232876712
SPY260116C00625000,2026-01-02 20:46:22+00:00,625.0,58.69,59.21,59.84,-0.5400009,-0.91170174,36.0,3035,0.3444889770507812,True,REGULAR,USD,2026-01-16,12,683.1699829101562,59.525000000000006,1.09307197265625,0.03287671232876712
SPY260116C00626000,2025-12-29 17:19:56+00:00,626.0,62.62,58.21,58.85,0.0,0.0,17.0,105,0.3403386279296875,True,REGULAR,USD,2026-01-16,12,683.1699829101562,58.53,1.0913258512941792,0.03287671232876712
SPY260116C00627000,2025-12-23 14:50:21+00:00,627.0,56.78,56.24,59.03,-4.7800026,-7.7647867,40.0,75,0.3884338500976562,True,REGULAR,USD,2026-01-16,12,683.1699829101562,57.635000000000005,1.0895852996972188,0.03287671232876712
SPY260116C00628000,2025-12-31 14:48:57+00:00,628.0,54.49,56.25,56.8,-4.779999,-8.064786,1.0,128,0.3283758569335937,True,REGULAR,USD,2026-01-16,12,683.1699829101562,56.525,1.0878502912582106,0.03287671232876712
SPY260116C00630000,2026-01-02 19:07:56+00:00,630.0,52.67,54.25,54.86,-2.210003,-4.0269732,85.0,3788,0.3219061950683593,True,REGULAR,USD,2026-01-16,12,683.1699829101562,54.555,1.0843967982700893,0.03287671232876712
SPY260116C00631000,2026-01-02 20:56:52+00:00,631.0,52.65,53.27,53.86,-9.919998,-15.854241,40.0,201,0.3171455004882812,True,REGULAR,USD,2026-01-16,12,683.1699829101562,53.565,1.0826782613473158,0.03287671232876712
SPY260116C00633000,2025-12-29 14:35:05+00:00,633.0,57.04,50.31,53.08,0.0,0.0,40.0,94,0.3591372680664062,True,REGULAR,USD,2026-01-16,12,683.1699829101562,51.695,1.0792574769512737,0.03287671232876712
SPY260116C00634000,2026-01-02 20:59:04+00:00,634.0,50.25,49.31,52.11,-7.279999,-12.654265,40.0,26,0.3550479534912109,True,REGULAR,USD,2026-01-16,12,683.1699829101562,50.71,1.0775551780917292,0.03287671232876712
SPY260116C00635000,2026-01-02 20:08:23+00:00,635.0,49.64,49.29,49.93,-0.13000107,-0.26120368,32.0,4420,0.3013985876464844,True,REGULAR,USD,2026-01-16,12,683.1699829101562,49.61,1.0758582408033956,0.03287671232876712
SPY260116C00636000,2025-12-26 14:53:41+00:00,636.0,57.26,48.34,48.87,0.0,0.0,40.0,765,0.293830303955078,True,REGULAR,USD,2026-01-16,12,683.1699829101562,48.605000000000004,1.0741666397958431,0.03287671232876712
SPY260116C00638000,2025-12-24 16:32:22+00:00,638.0,54.53,45.36,48.16,0.0,0.0,40.0,47,0.3357610369873046,True,REGULAR,USD,2026-01-16,12,683.1699829101562,46.76,1.0707993462541634,0.03287671232876712
SPY260116C00639000,2026-01-02 20:57:15+00:00,639.0,44.73,44.38,47.15,-4.549999,-9.232953,32.0,9,0.3300848242187499,True,REGULAR,USD,2026-01-16,12,683.1699829101562,45.765,1.069123603928257,0.03287671232876712
SPY260116C00640000,2026-01-02 20:52:30+00:00,640.0,44.23,44.39,44.94,-0.61999893,-1.3823835,66.0,16668,0.2776561492919921,True,REGULAR,USD,2026-01-16,12,683.1699829101562,44.665,1.067453098297119,0.03287671232876712
SPY260116C00641000,2026-01-02 20:49:16+00:00,641.0,42.65,43.41,43.98,-6.459999,-13.154141,2.0,168,0.2745433874511719,True,REGULAR,USD,2026-01-16,12,683.1699829101562,43.69499999999999,1.0657878048520377,0.03287671232876712
SPY260116C00642000,2025-12-30 15:40:46+00:00,642.0,46.75,42.42,43.0,0.0,0.0,2.0,172,0.2704540728759765,True,REGULAR,USD,2026-01-16,12,683.1699829101562,42.71,1.0641276992370035,0.03287671232876712
SPY260116C00644000,2026-01-02 20:59:49+00:00,644.0,40.5,40.45,41.04,-4.299999,-9.598212,82.0,1002,0.2622144091796875,True,REGULAR,USD,2026-01-16,12,683.1699829101562,40.745000000000005,1.0608229548294352,0.03287671232876712
SPY260116C00645000,2026-01-02 19:46:17+00:00,645.0,39.6,39.48,40.06,-1.4600029,-3.5557792,7.0,8151,0.2580640600585938,True,REGULAR,USD,2026-01-16,12,683.1699829101562,39.769999999999996,1.0591782680777617,0.03287671232876712
SPY260116C00647000,2026-01-02 20:54:44+00:00,647.0,37.19,37.5,38.11,-1.050003,-2.7458239,30.0,344,0.2500685345458984,True,REGULAR,USD,2026-01-16,12,683.1699829101562,37.805,1.0559041466926682,0.03287671232876712
SPY260116C00648000,2026-01-02 20:56:43+00:00,648.0,35.92,35.56,38.35,-4.710003,-11.592426,32.0,51,0.2881540911865233,True,REGULAR,USD,2026-01-16,12,683.1699829101562,36.955,1.054274664984809,0.03287671232876712
SPY260116C00649000,2025-12-26 19:45:25+00:00,649.0,43.61,34.59,37.37,0.0,0.0,42.0,51,0.2832102929687499,True,REGULAR,USD,2026-01-16,12,683.1699829101562,35.980000000000004,1.0526502047922284,0.03287671232876712
SPY260116C00650000,2026-01-02 20:28:53+00:00,650.0,35.01,34.79,35.16,-0.11000061,-0.3132136,126.0,29571,0.236763003540039,True,REGULAR,USD,2026-01-16,12,683.1699829101562,34.974999999999994,1.051030742938702,0.03287671232876712
SPY260116C00651000,2026-01-02 20:57:58+00:00,651.0,33.15,32.66,35.43,-9.199997,-21.723724,32.0,17,0.2739330419921875,True,REGULAR,USD,2026-01-16,12,683.1699829101562,34.045,1.049416256390409,0.03287671232876712
SPY260116C00654000,2026-01-02 17:17:48+00:00,654.0,30.1,29.78,32.56,-5.789999,-16.132624,14.0,37,0.2608716491699219,True,REGULAR,USD,2026-01-16,12,683.1699829101562,31.17,1.0446024203519209,0.03287671232876712
SPY260116C00655000,2026-01-02 20:27:53+00:00,655.0,30.07,29.94,30.39,-1.5300007,-4.8417745,26.0,7898,0.2188798815917968,True,REGULAR,USD,2026-01-16,12,683.1699829101562,30.165,1.0430076074964219,0.03287671232876712
SPY260116C00658000,2026-01-02 20:01:35+00:00,658.0,27.37,27.17,27.52,-4.8500004,-15.052763,11.0,21,0.2069781451416015,True,REGULAR,USD,2026-01-16,12,683.1699829101562,27.345,1.0382522536628513,0.03287671232876712
SPY260116C00659000,2025-12-26 17:16:18+00:00,659.0,33.47,26.17,26.59,0.0,0.0,46.0,13,0.2036822796630859,True,REGULAR,USD,2026-01-16,12,683.1699829101562,26.380000000000003,1.0366767570715574,0.03287671232876712
SPY260116C00660000,2026-01-02 20:36:39+00:00,660.0,25.37,25.27,25.71,0.41000175,1.6426352,456.0,11640,0.2017291741943359,True,REGULAR,USD,2026-01-16,12,683.1699829101562,25.490000000000002,1.035106034712358,0.03287671232876712
SPY260116C00663000,2026-01-02 17:20:48+00:00,663.0,21.82,22.53,22.95,-5.710001,-20.741013,40.0,585,0.1915364050292969,True,REGULAR,USD,2026-01-16,12,683.1699829101562,22.740000000000002,1.0304222969987273,0.03287671232876712
SPY260116C00665000,2026-01-02 20:36:48+00:00,665.0,20.91,20.75,21.13,-0.07999992,-0.38113353,183.0,12460,0.1847005358886718,True,REGULAR,USD,2026-01-16,12,683.1699829101562,20.939999999999998,1.0273232825716636,0.03287671232876712
SPY260116C00670000,2026-01-02 21:00:10+00:00,670.0,16.76,16.44,16.75,0.44000053,2.6960819,707.0,26333,0.1690146575927734,True,REGULAR,USD,2026-01-16,12,683.1699829101562,16.595,1.019656690910681,0.03287671232876712
SPY260116C00671000,2026-01-02 19:13:13+00:00,671.0,14.99,15.56,15.93,-0.57000065,-3.663243,11.0,92,0.166573275756836,True,REGULAR,USD,2026-01-16,12,683.1699829101562,15.745000000000001,1.0181370833236307,0.03287671232876712
SPY260116C00672000,2026-01-02 19:22:20+00:00,672.0,14.15,14.76,15.09,-1.4400005,-9.236693,24.0,162,0.163521548461914,True,REGULAR,USD,2026-01-16,12,683.1699829101562,14.925,1.0166219983782088,0.03287671232876712
SPY260116C00673000,2026-01-02 20:45:08+00:00,673.0,13.5,13.94,14.26,-4.6499996,-25.619831,35.0,233,0.1604087866210937,True,REGULAR,USD,2026-01-16,12,683.1699829101562,14.1,1.0151114159140509,0.03287671232876712
SPY260116C00674000,2026-01-02 20:42:29+00:00,674.0,12.9,13.15,13.46,-0.97000027,-6.9935126,40.0,509,0.1577232666015625,True,REGULAR,USD,2026-01-16,12,683.1699829101562,13.305,1.0136053158904395,0.03287671232876712
SPY260116C00675000,2026-01-02 21:12:15+00:00,675.0,12.4,12.45,12.68,-0.20000076,-1.5873077,3079.0,18395,0.1551598156738281,True,REGULAR,USD,2026-01-16,12,683.1699829101562,12.565,1.0121036783854167,0.03287671232876712
SPY260116C00676000,2026-01-02 20:50:00+00:00,676.0,11.0,11.6,11.91,-0.5,-4.347826,36.0,1076,0.1525353302001953,True,REGULAR,USD,2026-01-16,12,683.1699829101562,11.754999999999999,1.0106064835949058,0.03287671232876712
SPY260116C00677000,2026-01-02 21:12:04+00:00,677.0,10.94,10.86,11.17,0.0899992,0.8294857,211.0,1166,0.1502465347290039,True,REGULAR,USD,2026-01-16,12,683.1699829101562,11.015,1.0091137118318407,0.03287671232876712
SPY260116C00678000,2026-01-02 20:41:36+00:00,678.0,10.0,10.12,10.44,-0.5,-4.7619047,171.0,2531,0.1478356701660156,True,REGULAR,USD,2026-01-16,12,683.1699829101562,10.28,1.0076253435253042,0.03287671232876712
SPY260116C00679000,2026-01-02 20:59:04+00:00,679.0,9.3,9.42,9.72,-0.34999943,-3.6269372,204.0,3467,0.1452722192382812,True,REGULAR,USD,2026-01-16,12,683.1699829101562,9.57,1.0061413592196704,0.03287671232876712
SPY260116C00680000,2026-01-02 21:01:04+00:00,680.0,8.93,8.73,8.93,-0.029999733,-0.33481845,3958.0,25340,0.1409692837524414,True,REGULAR,USD,2026-01-16,12,683.1699829101562,8.83,1.0046617395737591,0.03287671232876712
SPY260116C00681000,2026-01-02 21:02:53+00:00,681.0,8.3,8.06,8.3,0.14000034,1.7156905,1349.0,1635,0.1394739373779297,True,REGULAR,USD,2026-01-16,12,683.1699829101562,8.18,1.0031864653599945,0.03287671232876712
SPY260116C00682000,2026-01-02 21:14:01+00:00,682.0,7.52,7.49,7.57,-0.09000015,-1.1826564,3709.0,2571,0.1355982437133789,True,REGULAR,USD,2026-01-16,12,683.1699829101562,7.53,1.0017155174635721,0.03287671232876712
SPY260116C00683000,2026-01-02 21:14:56+00:00,683.0,6.9,6.9,6.93,-0.19999981,-2.8168988,4718.0,2797,0.1330653100585937,True,REGULAR,USD,2026-01-16,12,683.1699829101562,6.915,1.0002488768816344,0.03287671232876712
SPY260116C00684000,2026-01-02 21:14:08+00:00,684.0,6.27,6.3,6.33,-0.23000002,-3.5384617,3940.0,2312,0.1308680664062499,False,REGULAR,USD,2026-01-16,12,683.1699829101562,6.3149999999999995,0.9987865247224507,0.03287671232876712
SPY260116C00685000,2026-01-02 21:14:24+00:00,685.0,5.7,5.72,5.75,-0.26000023,-4.36242,14678.0,22476,0.1286097882080077,False,REGULAR,USD,2026-01-16,12,683.1699829101562,5.734999999999999,0.9973284422046077,0.03287671232876712
SPY260116C00686000,2026-01-02 21:06:35+00:00,686.0,5.14,5.17,5.2,-0.16000032,-3.018874,1879.0,3877,0.126412544555664,False,REGULAR,USD,2026-01-16,12,683.1699829101562,5.1850000000000005,0.9958746106562044,0.03287671232876712
SPY260116C00687000,2026-01-02 21:03:04+00:00,687.0,4.7,4.65,4.68,-0.11000013,-2.286905,1208.0,4591,0.1243373699951172,False,REGULAR,USD,2026-01-16,12,683.1699829101562,4.665,0.9944250115140557,0.03287671232876712
SPY260116C00688000,2026-01-02 21:12:29+00:00,688.0,4.11,4.16,4.19,-0.27999973,-6.378126,2307.0,5488,0.1222927127075195,False,REGULAR,USD,2026-01-16,12,683.1699829101562,4.175000000000001,0.9929796263229015,0.03287671232876712
SPY260116C00689000,2026-01-02 21:14:56+00:00,689.0,3.72,3.71,3.74,-0.07999992,-2.105261,17326.0,3592,0.1204921936035156,False,REGULAR,USD,2026-01-16,12,683.1699829101562,3.725,0.9915384367346245,0.03287671232876712
SPY260116C00690000,2026-01-02 21:14:39+00:00,690.0,3.27,3.28,3.31,-0.24000001,-6.8376074,15601.0,29416,0.1185390881347656,False,REGULAR,USD,2026-01-16,12,683.1699829101562,3.295,0.9901014245074728,0.03287671232876712
SPY260116C00691000,2026-01-02 21:11:47+00:00,691.0,2.89,2.89,2.92,-0.19999981,-6.4724865,1770.0,2245,0.1168606381225585,False,REGULAR,USD,2026-01-16,12,683.1699829101562,2.9050000000000002,0.9886685715052912,0.03287671232876712
SPY260116C00692000,2026-01-02 21:09:57+00:00,692.0,2.54,2.53,2.55,-0.18000007,-6.6176496,1267.0,2485,0.114968567199707,False,REGULAR,USD,2026-01-16,12,683.1699829101562,2.54,0.9872398596967575,0.03287671232876712
SPY260116C00693000,2026-01-02 21:12:15+00:00,693.0,2.15,2.2,2.22,-0.15999985,-6.9264,3216.0,4417,0.1133511517333984,False,REGULAR,USD,2026-01-16,12,683.1699829101562,2.21,0.9858152711546266,0.03287671232876712
SPY260116C00694000,2026-01-02 21:03:40+00:00,694.0,1.9,1.9,1.92,-0.16999996,-8.212559,2897.0,2931,0.111764253540039,False,REGULAR,USD,2026-01-16,12,683.1699829101562,1.91,0.9843947880549802,0.03287671232876712
SPY260116C00695000,2026-01-02 21:14:53+00:00,695.0,1.63,1.63,1.65,-0.19000006,-10.439564,13097.0,24801,0.1102994244384765,False,REGULAR,USD,2026-01-16,12,683.1699829101562,1.64,0.9829783926764838,0.03287671232876712
SPY260116C00696000,2026-01-02 21:02:15+00:00,696.0,1.41,1.39,1.41,-0.14999998,-9.615383,1138.0,2849,0.1088956298828125,False,REGULAR,USD,2026-01-16,12,683.1699829101562,1.4,0.9815660673996498,0.03287671232876712
SPY260116C00697000,2026-01-02 21:09:00+00:00,697.0,1.16,1.17,1.19,-0.19000006,-14.074079,2138.0,3017,0.1073697662353515,False,REGULAR,USD,2026-01-16,12,683.1699829101562,1.18,0.9801577947061065,0.03287671232876712
SPY260116C00698000,2026-01-02 21:11:17+00:00,698.0,0.98,0.98,1.0,-0.16999996,-14.782604,2029.0,3261,0.1060270062255859,False,REGULAR,USD,2026-01-16,12,683.1699829101562,0.99,0.9787535571778743,0.03287671232876712
SPY260116C00699000,2026-01-02 21:10:13+00:00,699.0,0.82,0.81,0.82,-0.13,-13.68421,658.0,2818,0.1042570043945312,False,REGULAR,USD,2026-01-16,12,683.1699829101562,0.815,0.977353337496647,0.03287671232876712
SPY260116C00700000,2026-01-02 21:14:56+00:00,700.0,0.68,0.67,0.68,-0.13999999,-17.07317,13878.0,48808,0.1030973480224609,False,REGULAR,USD,2026-01-16,12,683.1699829101562,0.675,0.9759571184430803,0.03287671232876712
SPY260116C00701000,2026-01-02 21:10:57+00:00,701.0,0.55,0.55,0.56,-0.13999999,-20.289854,15728.0,3637,0.1020597607421874,False,REGULAR,USD,2026-01-16,12,683.1699829101562,0.555,0.9745648828960859,0.03287671232876712
SPY260116C00702000,2026-01-02 21:11:56+00:00,702.0,0.45,0.44,0.46,-0.17000002,-27.41936,1050.0,3224,0.1012052770996093,False,REGULAR,USD,2026-01-16,12,683.1699829101562,0.45,0.9731766138321314,0.03287671232876712
SPY260116C00703000,2026-01-02 21:13:29+00:00,703.0,0.36,0.35,0.37,-0.089999974,-19.999994,843.0,5188,0.0999845861816406,False,REGULAR,USD,2026-01-16,12,683.1699829101562,0.36,0.9717922943245466,0.03287671232876712
SPY260116C00704000,2026-01-02 21:13:09+00:00,704.0,0.28,0.29,0.3,-0.109999985,-28.205126,523.0,4576,0.0992521716308593,False,REGULAR,USD,2026-01-16,12,683.1699829101562,0.295,0.9704119075428356,0.03287671232876712
SPY260116C00705000,2026-01-02 21:14:59+00:00,705.0,0.24,0.23,0.24,-0.10000001,-29.411766,4119.0,24495,0.0983976879882812,False,REGULAR,USD,2026-01-16,12,683.1699829101562,0.235,0.9690354367519947,0.03287671232876712
SPY260116C00706000,2026-01-02 21:03:52+00:00,706.0,0.18,0.18,0.19,-0.07999998,-30.769226,325.0,2899,0.0976652734375,False,REGULAR,USD,2026-01-16,12,683.1699829101562,0.185,0.9676628653118361,0.03287671232876712
SPY260116C00707000,2026-01-02 21:14:07+00:00,707.0,0.15,0.14,0.16,-0.06999999,-31.818178,750.0,2874,0.0979094116210937,False,REGULAR,USD,2026-01-16,12,683.1699829101562,0.15000000000000002,0.9662941766763172,0.03287671232876712
SPY260116C00708000,2026-01-02 20:47:29+00:00,708.0,0.11,0.12,0.13,-0.08,-42.105263,213.0,3660,0.0979094116210937,False,REGULAR,USD,2026-01-16,12,683.1699829101562,0.125,0.9649293543928761,0.03287671232876712
SPY260116C00709000,2026-01-02 19:25:12+00:00,709.0,0.11,0.1,0.11,-0.07000001,-38.888893,33.0,1361,0.0983976879882812,False,REGULAR,USD,2026-01-16,12,683.1699829101562,0.10500000000000001,0.9635683821017719,0.03287671232876712
SPY260116C00710000,2026-01-02 21:12:37+00:00,710.0,0.08,0.08,0.09,-0.049999997,-38.461536,3757.0,27470,0.0983976879882812,False,REGULAR,USD,2026-01-16,12,683.1699829101562,0.08499999999999999,0.9622112435354313,0.03287671232876712
SPY260116C00711000,2026-01-02 20:12:56+00:00,711.0,0.07,0.07,0.08,-0.04,-36.363636,237.0,1906,0.09961837890625,False,REGULAR,USD,2026-01-16,12,683.1699829101562,0.07500000000000001,0.9608579225178007,0.03287671232876712
SPY260116C00712000,2026-01-02 20:42:57+00:00,712.0,0.07,0.06,0.07,-0.04,-36.363636,385.0,1193,0.100594931640625,False,REGULAR,USD,2026-01-16,12,683.1699829101562,0.065,0.9595084029637025,0.03287671232876712
SPY260116C00713000,2026-01-02 21:00:12+00:00,713.0,0.06,0.05,0.06,-0.040000003,-40.000004,41.0,5213,0.1015714843749999,False,REGULAR,USD,2026-01-16,12,683.1699829101562,0.055,0.9581626688781996,0.03287671232876712
SPY260116C00714000,2026-01-02 20:45:47+00:00,714.0,0.05,0.05,0.06,-0.05,-50.0,513.0,1220,0.1045011425781249,False,REGULAR,USD,2026-01-16,12,683.1699829101562,0.055,0.9568207043559611,0.03287671232876712
SPY260116C00715000,2026-01-02 21:12:21+00:00,715.0,0.04,0.04,0.05,-0.030000001,-42.857143,2080.0,17984,0.1045011425781249,False,REGULAR,USD,2026-01-16,12,683.1699829101562,0.045,0.9554824935806381,0.03287671232876712
SPY260116C00716000,2026-01-02 19:02:43+00:00,716.0,0.04,0.04,0.05,-0.060000002,-60.000004,67.0,779,0.10743080078125,False,REGULAR,USD,2026-01-16,12,683.1699829101562,0.045,0.9541480208242406,0.03287671232876712
SPY260116C00717000,2026-01-02 16:36:00+00:00,717.0,0.05,0.04,0.05,-0.02,-28.571426,8.0,804,0.1103604589843749,False,REGULAR,USD,2026-01-16,12,683.1699829101562,0.045,0.952817270446522,0.03287671232876712
SPY260116C00718000,2026-01-02 20:26:00+00:00,718.0,0.05,0.03,0.05,-0.02,-28.571426,31.0,1368,0.1132901171875,False,REGULAR,USD,2026-01-16,12,683.1699829101562,0.04,0.951490226894368,0.03287671232876712
SPY260116C00719000,2026-01-02 20:58:52+00:00,719.0,0.04,0.03,0.04,-0.030000001,-42.857143,629.0,688,0.1123135644531249,False,REGULAR,USD,2026-01-16,12,683.1699829101562,0.035,0.9501668747011909,0.03287671232876712
SPY260116C00720000,2026-01-02 20:59:14+00:00,720.0,0.04,0.03,0.04,0.0,0.0,1075.0,18543,0.11524322265625,False,REGULAR,USD,2026-01-16,12,683.1699829101562,0.035,0.9488471984863281,0.03287671232876712
SPY260116C00725000,2026-01-02 21:09:18+00:00,725.0,0.03,0.03,0.04,-0.01,-25.0,238.0,19327,0.1289149609375,False,REGULAR,USD,2026-01-16,12,683.1699829101562,0.035,0.9423034247036638,0.03287671232876712
SPY260116C00730000,2026-01-02 20:48:41+00:00,730.0,0.02,0.02,0.03,-0.02,-50.0,757.0,19148,0.1367273828125,False,REGULAR,USD,2026-01-16,12,683.1699829101562,0.025,0.9358492916577483,0.03287671232876712
SPY260116C00735000,2026-01-02 19:44:04+00:00,735.0,0.02,0.02,0.03,0.0,0.0,780.0,20739,0.149422568359375,False,REGULAR,USD,2026-01-16,12,683.1699829101562,0.025,0.9294829699457908,0.03287671232876712
SPY260116C00740000,2026-01-02 20:52:12+00:00,740.0,0.02,0.02,0.03,-0.01,-33.333336,130.0,20603,0.16211775390625,False,REGULAR,USD,2026-01-16,12,683.1699829101562,0.025,0.9232026796083193,0.03287671232876712
SPY260116C00745000,2026-01-02 21:08:14+00:00,745.0,0.02,0.01,0.02,0.0,0.0,329.0,10354,0.16602396484375,False,REGULAR,USD,2026-01-16,12,683.1699829101562,0.015,0.9170066884700084,0.03287671232876712
SPY260116C00750000,2026-01-02 20:22:21+00:00,750.0,0.01,0.01,0.02,-0.02,-66.66667,425.0,21815,0.17774259765625,False,REGULAR,USD,2026-01-16,12,683.1699829101562,0.015,0.910893310546875,0.03287671232876712
SPY260116C00755000,2025-12-31 18:52:21+00:00,755.0,0.02,0.01,0.02,-0.01,-33.333336,6.0,5261,0.18946123046875,False,REGULAR,USD,2026-01-16,12,683.1699829101562,0.015,0.9048609045167633,0.03287671232876712
SPY260116C00760000,2026-01-02 14:57:11+00:00,760.0,0.02,0.01,0.02,0.0,0.0,36.0,4689,0.2011798632812499,False,REGULAR,USD,2026-01-16,12,683.1699829101562,0.015,0.8989078722502056,0.03287671232876712
SPY260116C00765000,2026-01-02 14:57:47+00:00,765.0,0.01,0.01,0.02,0.0,0.0,4.0,5747,0.2109453906249999,False,REGULAR,USD,2026-01-16,12,683.1699829101562,0.015,0.893032657398897,0.03287671232876712
SPY260116C00770000,2025-12-31 17:15:20+00:00,770.0,0.02,0.01,0.02,0.0,0.0,72.0,13121,0.2226640234374999,False,REGULAR,USD,2026-01-16,12,683.1699829101562,0.015,0.887233744039164,0.03287671232876712
SPY260116C00775000,2026-01-02 16:50:30+00:00,775.0,0.01,0.01,0.02,0.0,0.0,263.0,3243,0.23438265625,False,REGULAR,USD,2026-01-16,12,683.1699829101562,0.015,0.8815096553679436,0.03287671232876712
SPY260116C00780000,2026-01-02 15:41:34+00:00,780.0,0.02,0.01,0.02,0.0,0.0,7.0,4190,0.24414818359375,False,REGULAR,USD,2026-01-16,12,683.1699829101562,0.015,0.8758589524489183,0.03287671232876712
SPY260116C00785000,2026-01-02 17:00:15+00:00,785.0,0.02,0.01,0.02,0.01,100.0,4.0,1274,0.2539137109375,False,REGULAR,USD,2026-01-16,12,683.1699829101562,0.015,0.8702802330065684,0.03287671232876712
SPY260116C00790000,2025-12-29 20:47:17+00:00,790.0,0.01,0.01,0.02,0.0,0.0,2.0,5442,0.26563234375,False,REGULAR,USD,2026-01-16,12,683.1699829101562,0.015,0.8647721302660206,0.03287671232876712
SPY260116C00795000,2026-01-02 16:40:32+00:00,795.0,0.01,0.01,0.02,0.0,0.0,2.0,3966,0.2753978710937499,False,REGULAR,USD,2026-01-16,12,683.1699829101562,0.015,0.8593333118366745,0.03287671232876712
SPY260123C00615000,2025-12-29 20:32:04+00:00,615.0,75.67,69.71,70.35,0.0,0.0,2.0,212,0.3372869006347656,True,REGULAR,USD,2026-01-23,19,683.1699829101562,70.03,1.1108455006669207,0.052054794520547946
SPY260123C00645000,2026-01-02 18:29:48+00:00,645.0,38.54,39.32,42.11,-9.43,-19.65812,16.0,8,0.2650525155639648,True,REGULAR,USD,2026-01-23,19,683.1699829101562,40.715,1.0591782680777617,0.052054794520547946
SPY260123C00650000,2025-12-31 20:09:43+00:00,650.0,36.4,34.57,37.36,0.0,0.0,11.0,79,0.2477492218017578,True,REGULAR,USD,2026-01-23,19,683.1699829101562,35.965,1.051030742938702,0.052054794520547946
SPY260123C00660000,2026-01-02 19:50:24+00:00,660.0,26.87,26.51,26.88,-1.8299999,-6.376306,17.0,101,0.189186575012207,True,REGULAR,USD,2026-01-23,19,683.1699829101562,26.695,1.035106034712358,0.052054794520547946
SPY260123C00663000,2026-01-02 19:26:12+00:00,663.0,23.54,23.8,24.24,-7.3199997,-23.720024,46.0,61,0.1818929467773437,True,REGULAR,USD,2026-01-23,19,683.1699829101562,24.02,1.0304222969987273,0.052054794520547946
SPY260123C00665000,2026-01-02 16:00:54+00:00,665.0,20.82,22.06,22.46,-1.5599995,-6.9705067,6.0,460,0.1760946649169922,True,REGULAR,USD,2026-01-23,19,683.1699829101562,22.259999999999998,1.0273232825716636,0.052054794520547946
SPY260123C00666000,2025-12-30 18:30:57+00:00,666.0,20.82,21.31,21.51,-5.1100006,-19.706905,1.0,580,0.1718527639770508,True,REGULAR,USD,2026-01-23,19,683.1699829101562,21.41,1.0257807551203548,0.052054794520547946
SPY260123C00667000,2026-01-02 18:24:49+00:00,667.0,18.9,20.38,20.76,-6.17,-24.61109,4.0,139,0.171333970336914,True,REGULAR,USD,2026-01-23,19,683.1699829101562,20.57,1.024242852938765,0.052054794520547946
SPY260123C00669000,2026-01-02 17:24:24+00:00,669.0,18.17,18.71,19.12,-1.9500008,-9.691853,12.0,21,0.1671836212158203,True,REGULAR,USD,2026-01-23,19,683.1699829101562,18.915,1.0211808414202634,0.052054794520547946
SPY260123C00670000,2026-01-02 21:04:19+00:00,670.0,18.05,17.95,18.16,0.0,0.0,102.0,1223,0.1623313748168945,True,REGULAR,USD,2026-01-23,19,683.1699829101562,18.055,1.019656690910681,0.052054794520547946
SPY260123C00671000,2026-01-02 21:04:19+00:00,671.0,17.25,17.11,17.34,-3.58,-17.186749,28.0,80,0.159889992980957,True,REGULAR,USD,2026-01-23,19,683.1699829101562,17.225,1.0181370833236307,0.052054794520547946
SPY260123C00673000,2026-01-02 18:49:08+00:00,673.0,13.83,15.52,15.79,-6.0200005,-30.327457,20.0,89,0.1560448165893554,True,REGULAR,USD,2026-01-23,19,683.1699829101562,15.655,1.0151114159140509,0.052054794520547946
SPY260123C00675000,2026-01-02 19:24:11+00:00,675.0,14.3,13.98,14.18,0.32000065,2.288989,94.0,1063,0.1504601556396484,True,REGULAR,USD,2026-01-23,19,683.1699829101562,14.08,1.0121036783854167,0.052054794520547946
SPY260123C00676000,2026-01-02 19:47:26+00:00,676.0,13.57,13.15,13.51,-2.0900002,-13.346106,32.0,268,0.1496361892700195,True,REGULAR,USD,2026-01-23,19,683.1699829101562,13.33,1.0106064835949058,0.052054794520547946
SPY260123C00677000,2025-12-31 21:12:16+00:00,677.0,12.69,12.41,12.76,0.0,0.0,18.0,175,0.1472253247070312,True,REGULAR,USD,2026-01-23,19,683.1699829101562,12.585,1.0091137118318407,0.052054794520547946
SPY260123C00678000,2026-01-02 18:17:02+00:00,678.0,10.43,11.76,11.97,-1.5999994,-13.300079,34.0,201,0.143990493774414,True,REGULAR,USD,2026-01-23,19,683.1699829101562,11.865,1.0076253435253042,0.052054794520547946
SPY260123C00679000,2026-01-02 20:07:29+00:00,679.0,11.1,11.05,11.27,-0.029999733,-0.2695394,43.0,551,0.1419763537597656,True,REGULAR,USD,2026-01-23,19,683.1699829101562,11.16,1.0061413592196704,0.052054794520547946
SPY260123C00680000,2026-01-02 21:04:23+00:00,680.0,10.49,10.41,10.54,-0.06000042,-0.56872433,245.0,672,0.1392603164672852,True,REGULAR,USD,2026-01-23,19,683.1699829101562,10.475,1.0046617395737591,0.052054794520547946
SPY260123C00681000,2026-01-02 21:10:17+00:00,681.0,9.88,9.7,9.96,-1.0599995,-9.68921,60.0,267,0.1386499710083008,True,REGULAR,USD,2026-01-23,19,683.1699829101562,9.83,1.0031864653599945,0.052054794520547946
SPY260123C00682000,2026-01-02 21:09:13+00:00,682.0,9.2,9.09,9.18,-0.05000019,-0.5405426,399.0,227,0.1346216909790039,True,REGULAR,USD,2026-01-23,19,683.1699829101562,9.135,1.0017155174635721,0.052054794520547946
SPY260123C00683000,2026-01-02 21:01:21+00:00,683.0,8.56,8.49,8.53,-0.049999237,-0.58071125,679.0,579,0.1323634127807617,True,REGULAR,USD,2026-01-23,19,683.1699829101562,8.51,1.0002488768816344,0.052054794520547946
SPY260123C00684000,2026-01-02 21:14:10+00:00,684.0,7.88,7.88,7.92,-0.01999998,-0.2531643,440.0,854,0.1304408245849609,False,REGULAR,USD,2026-01-23,19,683.1699829101562,7.9,0.9987865247224507,0.052054794520547946
SPY260123C00685000,2026-01-02 21:06:07+00:00,685.0,7.28,7.28,7.32,-0.099999905,-1.3550122,3828.0,1325,0.128365650024414,False,REGULAR,USD,2026-01-23,19,683.1699829101562,7.300000000000001,0.9973284422046077,0.052054794520547946
SPY260123C00686000,2026-01-02 21:13:49+00:00,686.0,6.7,6.71,6.75,-0.10000038,-1.4705938,575.0,483,0.1264735791015624,False,REGULAR,USD,2026-01-23,19,683.1699829101562,6.73,0.9958746106562044,0.052054794520547946
SPY260123C00687000,2026-01-02 20:59:53+00:00,687.0,6.14,6.17,6.2,-0.03999996,-0.6472486,641.0,802,0.1245509909057617,False,REGULAR,USD,2026-01-23,19,683.1699829101562,6.1850000000000005,0.9944250115140557,0.052054794520547946
SPY260123C00688000,2026-01-02 21:13:59+00:00,688.0,5.62,5.64,5.68,-0.03000021,-0.5309772,729.0,793,0.1227504718017578,False,REGULAR,USD,2026-01-23,19,683.1699829101562,5.66,0.9929796263229015,0.052054794520547946
SPY260123C00689000,2026-01-02 20:52:08+00:00,689.0,4.88,5.14,5.18,-0.38999987,-7.4003773,269.0,798,0.1209194354248047,False,REGULAR,USD,2026-01-23,19,683.1699829101562,5.16,0.9915384367346245,0.052054794520547946
SPY260123C00690000,2026-01-02 21:11:33+00:00,690.0,4.67,4.67,4.7,-0.1500001,-3.112035,2281.0,2187,0.1190273645019531,False,REGULAR,USD,2026-01-23,19,683.1699829101562,4.6850000000000005,0.9901014245074728,0.052054794520547946
SPY260123C00691000,2026-01-02 21:02:22+00:00,691.0,4.29,4.23,4.26,-0.119999886,-2.721086,264.0,1207,0.1174404663085937,False,REGULAR,USD,2026-01-23,19,683.1699829101562,4.245,0.9886685715052912,0.052054794520547946
SPY260123C00692000,2026-01-02 21:02:22+00:00,692.0,3.86,3.81,3.84,-0.00999999,-0.2583977,486.0,1047,0.1157925335693359,False,REGULAR,USD,2026-01-23,19,683.1699829101562,3.825,0.9872398596967575,0.052054794520547946
SPY260123C00693000,2026-01-02 20:51:40+00:00,693.0,3.22,3.42,3.45,-0.26,-7.4712644,689.0,403,0.1142361526489257,False,REGULAR,USD,2026-01-23,19,683.1699829101562,3.435,0.9858152711546266,0.052054794520547946
SPY260123C00694000,2026-01-02 21:10:17+00:00,694.0,3.08,3.05,3.08,-0.11000013,-3.4482799,507.0,420,0.1126187371826171,False,REGULAR,USD,2026-01-23,19,683.1699829101562,3.065,0.9843947880549802,0.052054794520547946
SPY260123C00695000,2026-01-02 21:14:28+00:00,695.0,2.71,2.71,2.74,-0.13999987,-4.9122763,3104.0,843,0.1111233908081054,False,REGULAR,USD,2026-01-23,19,683.1699829101562,2.725,0.9829783926764838,0.052054794520547946
SPY260123C00696000,2026-01-02 21:01:45+00:00,696.0,2.4,2.4,2.43,-0.099999905,-3.9999962,308.0,644,0.1097501135253906,False,REGULAR,USD,2026-01-23,19,683.1699829101562,2.415,0.9815660673996498,0.052054794520547946
SPY260123C00697000,2026-01-02 20:30:31+00:00,697.0,2.01,2.12,2.14,-0.22000003,-9.865472,418.0,576,0.1083463189697265,False,REGULAR,USD,2026-01-23,19,683.1699829101562,2.13,0.9801577947061065,0.052054794520547946
SPY260123C00698000,2026-01-02 20:44:54+00:00,698.0,1.68,1.86,1.88,-0.34000003,-16.831686,708.0,1952,0.1070645935058593,False,REGULAR,USD,2026-01-23,19,683.1699829101562,1.87,0.9787535571778743,0.052054794520547946
SPY260123C00699000,2026-01-02 20:16:56+00:00,699.0,1.6,1.62,1.65,-0.18999994,-10.614522,193.0,1289,0.1059659716796874,False,REGULAR,USD,2026-01-23,19,683.1699829101562,1.635,0.977353337496647,0.052054794520547946
SPY260123C00700000,2026-01-02 21:09:17+00:00,700.0,1.4,1.41,1.43,-0.18000007,-11.392408,1634.0,2942,0.1046842462158203,False,REGULAR,USD,2026-01-23,19,683.1699829101562,1.42,0.9759571184430803,0.052054794520547946
SPY260123C00701000,2026-01-02 20:49:54+00:00,701.0,1.14,1.22,1.24,-0.24000001,-17.391304,240.0,1605,0.1035856243896484,False,REGULAR,USD,2026-01-23,19,683.1699829101562,1.23,0.9745648828960859,0.052054794520547946
SPY260123C00702000,2026-01-02 21:13:30+00:00,702.0,1.03,1.05,1.07,-0.20000005,-16.260166,360.0,2538,0.1025480371093749,False,REGULAR,USD,2026-01-23,19,683.1699829101562,1.06,0.9731766138321314,0.052054794520547946
SPY260123C00703000,2026-01-02 21:11:19+00:00,703.0,0.89,0.9,0.92,-0.110000014,-11.000002,165.0,1079,0.1016325189208984,False,REGULAR,USD,2026-01-23,19,683.1699829101562,0.91,0.9717922943245466,0.052054794520547946
SPY260123C00704000,2026-01-02 21:13:30+00:00,704.0,0.77,0.77,0.79,-0.16000003,-17.204304,240.0,1361,0.1008390698242187,False,REGULAR,USD,2026-01-23,19,683.1699829101562,0.78,0.9704119075428356,0.052054794520547946
SPY260123C00705000,2026-01-02 20:58:55+00:00,705.0,0.6,0.65,0.67,-0.14999998,-19.999998,3678.0,2264,0.0998625170898437,False,REGULAR,USD,2026-01-23,19,683.1699829101562,0.66,0.9690354367519947,0.052054794520547946
SPY260123C00706000,2026-01-02 21:11:46+00:00,706.0,0.54,0.55,0.57,-0.120000005,-18.181818,1091.0,617,0.0991301025390625,False,REGULAR,USD,2026-01-23,19,683.1699829101562,0.56,0.9676628653118361,0.052054794520547946
SPY260123C00707000,2026-01-02 20:58:29+00:00,707.0,0.43,0.47,0.48,-0.15999997,-27.118639,82.0,950,0.0982756188964843,False,REGULAR,USD,2026-01-23,19,683.1699829101562,0.475,0.9662941766763172,0.052054794520547946
SPY260123C00708000,2026-01-02 20:59:40+00:00,708.0,0.4,0.4,0.41,-0.099999994,-19.999998,240.0,1525,0.0979094116210937,False,REGULAR,USD,2026-01-23,19,683.1699829101562,0.405,0.9649293543928761,0.052054794520547946
SPY260123C00709000,2026-01-02 20:42:41+00:00,709.0,0.31,0.33,0.35,-0.13999999,-31.111109,90.0,1726,0.0976652734375,False,REGULAR,USD,2026-01-23,19,683.1699829101562,0.33999999999999997,0.9635683821017719,0.052054794520547946
SPY260123C00710000,2026-01-02 21:06:52+00:00,710.0,0.28,0.28,0.3,-0.099999994,-26.315788,1099.0,4560,0.0975432043457031,False,REGULAR,USD,2026-01-23,19,683.1699829101562,0.29000000000000004,0.9622112435354313,0.052054794520547946
SPY260123C00711000,2026-01-02 19:40:13+00:00,711.0,0.27,0.24,0.25,-0.07999998,-22.857138,30.0,290,0.0969328588867187,False,REGULAR,USD,2026-01-23,19,683.1699829101562,0.245,0.9608579225178007,0.052054794520547946
SPY260123C00712000,2026-01-02 20:13:55+00:00,712.0,0.21,0.2,0.22,-0.13000001,-38.2353,26.0,115,0.0974211352539062,False,REGULAR,USD,2026-01-23,19,683.1699829101562,0.21000000000000002,0.9595084029637025,0.052054794520547946
SPY260123C00714000,2026-01-02 18:48:56+00:00,714.0,0.17,0.15,0.16,-0.17,-50.0,34.0,109,0.0974211352539062,False,REGULAR,USD,2026-01-23,19,683.1699829101562,0.155,0.9568207043559611,0.052054794520547946
SPY260123C00715000,2026-01-02 21:07:31+00:00,715.0,0.14,0.13,0.14,-0.060000002,-30.000002,520.0,5362,0.0979094116210937,False,REGULAR,USD,2026-01-23,19,683.1699829101562,0.135,0.9554824935806381,0.052054794520547946
SPY260123C00716000,2026-01-02 20:42:20+00:00,716.0,0.12,0.11,0.12,-0.15,-55.555557,11.0,50,0.0979094116210937,False,REGULAR,USD,2026-01-23,19,683.1699829101562,0.11499999999999999,0.9541480208242406,0.052054794520547946
SPY260123C00717000,2025-12-31 15:22:01+00:00,717.0,0.26,0.1,0.11,0.0,0.0,1.0,384,0.0991301025390625,False,REGULAR,USD,2026-01-23,19,683.1699829101562,0.10500000000000001,0.952817270446522,0.052054794520547946
SPY260123C00719000,2026-01-02 14:57:56+00:00,719.0,0.15,0.08,0.09,-0.08,-34.782608,1.0,327,0.1010832080078125,False,REGULAR,USD,2026-01-23,19,683.1699829101562,0.08499999999999999,0.9501668747011909,0.052054794520547946
SPY260123C00720000,2026-01-02 20:46:54+00:00,720.0,0.08,0.08,0.09,-0.049999997,-38.461536,368.0,3682,0.1032804516601562,False,REGULAR,USD,2026-01-23,19,683.1699829101562,0.08499999999999999,0.9488471984863281,0.052054794520547946
SPY260123C00725000,2026-01-02 17:32:05+00:00,725.0,0.07,0.05,0.06,-0.049999997,-41.666664,156.0,844,0.1088956298828125,False,REGULAR,USD,2026-01-23,19,683.1699829101562,0.055,0.9423034247036638,0.052054794520547946
SPY260123C00730000,2026-01-02 20:01:32+00:00,730.0,0.04,0.04,0.05,-0.030000001,-42.857143,29.0,436,0.117196328125,False,REGULAR,USD,2026-01-23,19,683.1699829101562,0.045,0.9358492916577483,0.052054794520547946
SPY260123C00735000,2026-01-02 15:42:38+00:00,735.0,0.04,0.03,0.04,-0.010000002,-20.000004,3.0,134,0.1245204736328125,False,REGULAR,USD,2026-01-23,19,683.1699829101562,0.035,0.9294829699457908,0.052054794520547946
SPY260123C00745000,2025-12-31 15:22:58+00:00,745.0,0.05,0.02,0.03,0.0,0.0,10.0,46,0.139657041015625,False,REGULAR,USD,2026-01-23,19,683.1699829101562,0.025,0.9170066884700084,0.052054794520547946
SPY260123C00750000,2026-01-02 16:50:26+00:00,750.0,0.02,0.02,0.03,-0.01,-33.333336,6.0,2994,0.149422568359375,False,REGULAR,USD,2026-01-23,19,683.1699829101562,0.025,0.910893310546875,0.052054794520547946
SPY260123C00755000,2025-12-31 16:35:04+00:00,755.0,0.03,0.02,0.03,0.0,0.0,14.0,70,0.159188095703125,False,REGULAR,USD,2026-01-23,19,683.1699829101562,0.025,0.9048609045167633,0.052054794520547946
SPY260123C00760000,2026-01-02 15:06:17+00:00,760.0,0.03,0.02,0.03,0.0,0.0,3.0,383,0.1679770703125,False,REGULAR,USD,2026-01-23,19,683.1699829101562,0.025,0.8989078722502056,0.052054794520547946
SPY260123C00765000,2026-01-02 14:35:34+00:00,765.0,0.03,0.01,0.02,0.0,0.0,25.0,120,0.170906728515625,False,REGULAR,USD,2026-01-23,19,683.1699829101562,0.015,0.893032657398897,0.052054794520547946
SPY260123C00770000,2025-12-31 16:32:01+00:00,770.0,0.03,0.01,0.02,0.0,0.0,3.0,133,0.179695703125,False,REGULAR,USD,2026-01-23,19,683.1699829101562,0.015,0.887233744039164,0.052054794520547946
SPY260123C00775000,2025-12-18 14:43:17+00:00,775.0,0.03,0.01,0.02,0.0,0.0,34.0,34,0.188484677734375,False,REGULAR,USD,2026-01-23,19,683.1699829101562,0.015,0.8815096553679436,0.052054794520547946
SPY260123C00780000,2025-12-30 15:03:31+00:00,780.0,0.03,0.01,0.02,0.0,0.0,10.0,205,0.19727365234375,False,REGULAR,USD,2026-01-23,19,683.1699829101562,0.015,0.8758589524489183,0.052054794520547946
SPY260123C00800000,2025-12-31 15:10:20+00:00,800.0,0.02,0.01,0.02,0.0,0.0,2.0,215,0.2304764453125,False,REGULAR,USD,2026-01-23,19,683.1699829101562,0.015,0.8539624786376954,0.052054794520547946
SPY260130C00600000,2026-01-02 17:59:15+00:00,600.0,83.32,85.31,85.89,-3.6800003,-4.229885,1.0,328,0.3606020971679687,True,REGULAR,USD,2026-01-30,26,683.1699829101562,85.6,1.1386166381835938,0.07123287671232877
SPY260130C00605000,2025-12-31 19:25:06+00:00,605.0,79.83,80.32,80.99,-3.0599976,-3.6916368,1.0,152,0.3463810479736328,True,REGULAR,USD,2026-01-30,26,683.1699829101562,80.655,1.1292065833225724,0.07123287671232877
SPY260130C00609000,2025-12-03 17:18:49+00:00,609.0,79.35,75.41,78.21,0.0,0.0,11.0,79,0.3684145190429688,True,REGULAR,USD,2026-01-30,26,683.1699829101562,76.81,1.1217897913138855,0.07123287671232877
SPY260130C00610000,2026-01-02 16:55:38+00:00,610.0,73.03,75.42,76.06,-4.6100006,-5.937662,3.0,101,0.3310003424072265,True,REGULAR,USD,2026-01-30,26,683.1699829101562,75.74000000000001,1.1199507916559939,0.07123287671232877
SPY260130C00614000,2026-01-02 15:13:22+00:00,614.0,73.2,70.49,73.27,7.329994,11.127971,50.0,73,0.3512027770996093,True,REGULAR,USD,2026-01-30,26,683.1699829101562,71.88,1.112654695293414,0.07123287671232877
SPY260130C00615000,2025-12-31 15:44:49+00:00,615.0,68.94,70.5,71.12,-4.1800003,-5.7166305,1.0,433,0.3150092913818358,True,REGULAR,USD,2026-01-30,26,683.1699829101562,70.81,1.1108455006669207,0.07123287671232877
SPY260130C00620000,2026-01-02 17:30:38+00:00,620.0,63.99,65.55,66.25,-3.920002,-5.7723484,44.0,443,0.3009103112792969,True,REGULAR,USD,2026-01-30,26,683.1699829101562,65.9,1.1018870692099294,0.07123287671232877
SPY260130C00623000,2025-11-21 20:58:53+00:00,623.0,49.63,61.68,64.48,0.0,0.0,45.0,24,0.3222113677978515,True,REGULAR,USD,2026-01-30,26,683.1699829101562,63.08,1.0965810319585172,0.07123287671232877
SPY260130C00625000,2026-01-02 19:48:40+00:00,625.0,61.17,60.68,61.34,-2.6400032,-4.1372876,1.0,303,0.2852854675292968,True,REGULAR,USD,2026-01-30,26,683.1699829101562,61.010000000000005,1.09307197265625,0.07123287671232877
SPY260130C00630000,2026-01-02 16:12:06+00:00,630.0,53.86,55.89,56.52,-7.0200005,-11.530881,16.0,643,0.2716137292480468,True,REGULAR,USD,2026-01-30,26,683.1699829101562,56.205,1.0843967982700893,0.07123287671232877
SPY260130C00631000,2025-12-31 16:35:16+00:00,631.0,57.17,54.92,55.52,0.0,0.0,1.0,102,0.2679211392211914,True,REGULAR,USD,2026-01-30,26,683.1699829101562,55.22,1.0826782613473158,0.07123287671232877
SPY260130C00633000,2025-12-17 14:52:32+00:00,633.0,50.43,53.0,53.59,0.0,0.0,2.0,109,0.2622144091796875,True,REGULAR,USD,2026-01-30,26,683.1699829101562,53.295,1.0792574769512737,0.07123287671232877
SPY260130C00635000,2026-01-02 18:14:19+00:00,635.0,49.22,51.09,51.67,-5.3099976,-9.737755,1.0,233,0.2566602655029296,True,REGULAR,USD,2026-01-30,26,683.1699829101562,51.38,1.0758582408033956,0.07123287671232877
SPY260130C00638000,2025-12-31 15:43:49+00:00,638.0,50.71,48.28,48.8,0.0,0.0,1.0,106,0.2483595672607422,True,REGULAR,USD,2026-01-30,26,683.1699829101562,48.54,1.0707993462541634,0.07123287671232877
SPY260130C00640000,2025-12-31 17:31:04+00:00,640.0,48.7,46.38,46.94,0.0,0.0,5.0,615,0.2439040454101562,True,REGULAR,USD,2026-01-30,26,683.1699829101562,46.66,1.067453098297119,0.07123287671232877
SPY260130C00643000,2025-12-19 14:59:37+00:00,643.0,43.4,43.49,44.08,0.0,0.0,1.0,185,0.2353286917114257,True,REGULAR,USD,2026-01-30,26,683.1699829101562,43.785,1.0624727572475214,0.07123287671232877
SPY260130C00645000,2026-01-02 20:58:00+00:00,645.0,41.2,41.71,42.2,-5.459999,-11.70167,6.0,1099,0.2300186862182617,True,REGULAR,USD,2026-01-30,26,683.1699829101562,41.955,1.0591782680777617,0.07123287671232877
SPY260130C00646000,2025-12-29 15:49:45+00:00,646.0,45.97,40.76,41.29,0.0,0.0,1.0,226,0.2279129943847656,True,REGULAR,USD,2026-01-30,26,683.1699829101562,41.025,1.057538673235536,0.07123287671232877
SPY260130C00647000,2025-12-31 20:10:49+00:00,647.0,40.34,39.84,40.37,0.0,0.0,2.0,357,0.2255631643676757,True,REGULAR,USD,2026-01-30,26,683.1699829101562,40.105000000000004,1.0559041466926682,0.07123287671232877
SPY260130C00648000,2025-12-26 16:57:59+00:00,648.0,46.45,38.94,39.43,0.0,0.0,3.0,177,0.2227555752563476,True,REGULAR,USD,2026-01-30,26,683.1699829101562,39.185,1.054274664984809,0.07123287671232877
SPY260130C00649000,2026-01-02 18:40:33+00:00,649.0,36.24,38.0,38.5,-4.709999,-11.501829,2.0,115,0.2201005725097655,True,REGULAR,USD,2026-01-30,26,683.1699829101562,38.25,1.0526502047922284,0.07123287671232877
SPY260130C00650000,2026-01-02 19:40:01+00:00,650.0,37.59,37.15,37.57,-0.95000076,-2.4649734,603.0,1810,0.2173845352172851,True,REGULAR,USD,2026-01-30,26,683.1699829101562,37.36,1.051030742938702,0.07123287671232877
SPY260130C00652000,2025-12-30 14:55:53+00:00,652.0,40.55,35.25,35.75,0.0,0.0,2.0,224,0.2125933233642578,True,REGULAR,USD,2026-01-30,26,683.1699829101562,35.5,1.0478067222548408,0.07123287671232877
SPY260130C00653000,2025-12-31 18:56:21+00:00,653.0,37.36,34.35,34.85,0.0,0.0,2.0,105,0.2103350451660156,True,REGULAR,USD,2026-01-30,26,683.1699829101562,34.6,1.0462021177797185,0.07123287671232877
SPY260130C00654000,2026-01-02 18:51:03+00:00,654.0,30.96,33.45,33.94,-8.43,-21.401373,1.0,105,0.2077715942382812,True,REGULAR,USD,2026-01-30,26,683.1699829101562,33.695,1.0446024203519209,0.07123287671232877
SPY260130C00655000,2026-01-02 17:37:59+00:00,655.0,31.66,32.62,33.01,-2.75,-7.9918633,9.0,535,0.204811418762207,True,REGULAR,USD,2026-01-30,26,683.1699829101562,32.815,1.0430076074964219,0.07123287671232877
SPY260130C00656000,2025-12-31 19:33:09+00:00,656.0,33.5,31.68,32.18,0.0,0.0,11.0,255,0.2035907278442382,True,REGULAR,USD,2026-01-30,26,683.1699829101562,31.93,1.0414176568752382,0.07123287671232877
SPY260130C00657000,2026-01-02 17:27:58+00:00,657.0,30.12,30.78,31.27,-5.319998,-15.011281,1.0,171,0.2008441732788085,True,REGULAR,USD,2026-01-30,26,683.1699829101562,31.025,1.0398325462863869,0.07123287671232877
SPY260130C00658000,2026-01-02 17:34:13+00:00,658.0,27.45,29.9,30.36,-5.239998,-16.029362,4.0,138,0.1980671014404297,True,REGULAR,USD,2026-01-30,26,683.1699829101562,30.13,1.0382522536628513,0.07123287671232877
SPY260130C00660000,2026-01-02 19:34:27+00:00,660.0,28.5,28.21,28.64,-0.10000038,-0.34965166,35.0,1173,0.1939777868652344,True,REGULAR,USD,2026-01-30,26,683.1699829101562,28.425,1.035106034712358,0.07123287671232877
SPY260130C00661000,2025-12-24 15:59:02+00:00,661.0,34.6,27.3,27.71,0.0,0.0,1.0,283,0.1906208868408203,True,REGULAR,USD,2026-01-30,26,683.1699829101562,27.505000000000003,1.0335400649170292,0.07123287671232877
SPY260130C00662000,2026-01-02 16:50:26+00:00,662.0,25.06,26.45,26.85,-9.030001,-26.488708,1.0,291,0.1883931259155273,True,REGULAR,USD,2026-01-30,26,683.1699829101562,26.65,1.0319788261482723,0.07123287671232877
SPY260130C00663000,2025-12-31 18:56:21+00:00,663.0,28.43,25.59,26.0,0.0,0.0,1.0,427,0.1862263995361328,True,REGULAR,USD,2026-01-30,26,683.1699829101562,25.795,1.0304222969987273,0.07123287671232877
SPY260130C00664000,2026-01-02 20:36:39+00:00,664.0,24.88,24.78,25.17,-2.2700005,-8.36096,5.0,153,0.1842732940673828,True,REGULAR,USD,2026-01-30,26,683.1699829101562,24.975,1.0288704561899944,0.07123287671232877
SPY260130C00665000,2026-01-02 20:07:31+00:00,665.0,24.0,23.9,24.34,-0.21999931,-0.9083374,161.0,1131,0.1822591540527343,True,REGULAR,USD,2026-01-30,26,683.1699829101562,24.119999999999997,1.0273232825716636,0.07123287671232877
SPY260130C00666000,2025-12-31 20:29:25+00:00,666.0,23.43,23.1,23.55,0.0,0.0,3.0,218,0.1807332904052734,True,REGULAR,USD,2026-01-30,26,683.1699829101562,23.325000000000003,1.0257807551203548,0.07123287671232877
SPY260130C00667000,2026-01-02 15:15:50+00:00,667.0,23.2,22.28,22.65,0.63000107,2.7913208,12.0,440,0.1774069076538085,True,REGULAR,USD,2026-01-30,26,683.1699829101562,22.465,1.024242852938765,0.07123287671232877
SPY260130C00669000,2026-01-02 19:28:06+00:00,669.0,20.05,20.67,21.05,-3.0900002,-13.353501,23.0,214,0.1735006967163085,True,REGULAR,USD,2026-01-30,26,683.1699829101562,20.86,1.0211808414202634,0.07123287671232877
SPY260130C00670000,2026-01-02 21:12:57+00:00,670.0,19.97,19.83,20.23,0.1099987,0.55387056,47.0,1033,0.1710898321533203,True,REGULAR,USD,2026-01-30,26,683.1699829101562,20.03,1.019656690910681,0.07123287671232877
SPY260130C00671000,2026-01-02 15:32:10+00:00,671.0,19.0,19.1,19.44,-1.8600006,-8.91659,1.0,251,0.1689993989562988,True,REGULAR,USD,2026-01-30,26,683.1699829101562,19.270000000000003,1.0181370833236307,0.07123287671232877
SPY260130C00672000,2025-12-31 15:44:46+00:00,672.0,20.08,18.31,18.72,-0.29000092,-1.4236667,1.0,139,0.1677939666748047,True,REGULAR,USD,2026-01-30,26,683.1699829101562,18.515,1.0166219983782088,0.07123287671232877
SPY260130C00673000,2026-01-02 19:21:34+00:00,673.0,16.92,17.55,17.88,-1.0499992,-5.843068,111.0,236,0.1647422393798828,True,REGULAR,USD,2026-01-30,26,683.1699829101562,17.715,1.0151114159140509,0.07123287671232877
SPY260130C00674000,2026-01-02 18:55:29+00:00,674.0,15.04,16.77,17.13,-5.8100004,-27.865707,10.0,155,0.162819651184082,True,REGULAR,USD,2026-01-30,26,683.1699829101562,16.95,1.0136053158904395,0.07123287671232877
SPY260130C00675000,2026-01-02 21:11:30+00:00,675.0,16.22,16.02,16.38,0.18999863,1.185269,195.0,3027,0.1607902525329589,True,REGULAR,USD,2026-01-30,26,683.1699829101562,16.2,1.0121036783854167,0.07123287671232877
SPY260130C00676000,2026-01-02 18:53:04+00:00,676.0,13.29,15.32,15.66,-1.9899998,-13.023559,28.0,356,0.1590355093383789,True,REGULAR,USD,2026-01-30,26,683.1699829101562,15.49,1.0106064835949058,0.07123287671232877
SPY260130C00677000,2026-01-02 20:21:34+00:00,677.0,14.86,14.52,14.94,-0.45000076,-2.9392605,18.0,490,0.1571129211425781,True,REGULAR,USD,2026-01-30,26,683.1699829101562,14.73,1.0091137118318407,0.07123287671232877
SPY260130C00678000,2026-01-02 21:05:53+00:00,678.0,14.05,13.81,14.21,-2.1400003,-13.218038,29.0,721,0.1548851602172852,True,REGULAR,USD,2026-01-30,26,683.1699829101562,14.010000000000002,1.0076253435253042,0.07123287671232877
SPY260130C00679000,2026-01-02 21:14:47+00:00,679.0,13.3,13.15,13.51,0.25,1.9157088,70.0,793,0.1529320547485352,True,REGULAR,USD,2026-01-30,26,683.1699829101562,13.33,1.0061413592196704,0.07123287671232877
SPY260130C00680000,2026-01-02 21:12:13+00:00,680.0,12.58,12.6,12.72,-0.05000019,-0.3958843,4275.0,4429,0.149575154724121,True,REGULAR,USD,2026-01-30,26,683.1699829101562,12.66,1.0046617395737591,0.07123287671232877
SPY260130C00681000,2026-01-02 21:02:01+00:00,681.0,12.0,11.8,12.16,0.22999954,1.9541167,859.0,1003,0.149147912902832,True,REGULAR,USD,2026-01-30,26,683.1699829101562,11.98,1.0031864653599945,0.07123287671232877
SPY260130C00682000,2026-01-02 21:00:05+00:00,682.0,11.36,11.27,11.35,-0.010000229,-0.08795276,1477.0,1070,0.1451806674194335,True,REGULAR,USD,2026-01-30,26,683.1699829101562,11.309999999999999,1.0017155174635721,0.07123287671232877
SPY260130C00683000,2026-01-02 21:13:10+00:00,683.0,10.62,10.63,10.72,0.05000019,0.4730387,1059.0,1061,0.1434717001342773,True,REGULAR,USD,2026-01-30,26,683.1699829101562,10.675,1.0002488768816344,0.07123287671232877
SPY260130C00684000,2026-01-02 21:02:33+00:00,684.0,10.18,10.04,10.08,0.07000065,0.6923902,1226.0,1289,0.1413965255737305,False,REGULAR,USD,2026-01-30,26,683.1699829101562,10.059999999999999,0.9987865247224507,0.07123287671232877
SPY260130C00685000,2026-01-02 21:14:29+00:00,685.0,9.43,9.44,9.48,-0.049999237,-0.52741814,3623.0,4301,0.1396875582885742,False,REGULAR,USD,2026-01-30,26,683.1699829101562,9.46,0.9973284422046077,0.07123287671232877
SPY260130C00686000,2026-01-02 21:10:17+00:00,686.0,8.93,8.85,8.89,-0.019999504,-0.22345816,477.0,1879,0.1378717805480957,False,REGULAR,USD,2026-01-30,26,683.1699829101562,8.870000000000001,0.9958746106562044,0.07123287671232877
SPY260130C00687000,2026-01-02 20:37:51+00:00,687.0,8.05,8.28,8.32,-0.14999962,-1.8292638,612.0,1245,0.1361170373535156,False,REGULAR,USD,2026-01-30,26,683.1699829101562,8.3,0.9944250115140557,0.07123287671232877
SPY260130C00688000,2026-01-02 21:13:10+00:00,688.0,7.72,7.73,7.77,-0.03000021,-0.38709947,961.0,1320,0.1344080700683594,False,REGULAR,USD,2026-01-30,26,683.1699829101562,7.75,0.9929796263229015,0.07123287671232877
SPY260130C00689000,2026-01-02 20:54:40+00:00,689.0,6.86,7.2,7.24,-0.3699999,-5.117564,307.0,799,0.1327296200561523,False,REGULAR,USD,2026-01-30,26,683.1699829101562,7.220000000000001,0.9915384367346245,0.07123287671232877
SPY260130C00690000,2026-01-02 21:14:59+00:00,690.0,6.7,6.69,6.72,-0.0800004,-1.1799469,2891.0,5954,0.1309596182250976,False,REGULAR,USD,2026-01-30,26,683.1699829101562,6.705,0.9901014245074728,0.07123287671232877
SPY260130C00691000,2026-01-02 20:57:58+00:00,691.0,5.89,6.2,6.23,-0.3000002,-4.8465295,434.0,751,0.129342202758789,False,REGULAR,USD,2026-01-30,26,683.1699829101562,6.215,0.9886685715052912,0.07123287671232877
SPY260130C00692000,2026-01-02 21:14:56+00:00,692.0,5.74,5.73,5.77,-0.09000015,-1.543742,570.0,2033,0.1278773736572265,False,REGULAR,USD,2026-01-30,26,683.1699829101562,5.75,0.9872398596967575,0.07123287671232877
SPY260130C00693000,2026-01-02 20:58:48+00:00,693.0,5.03,5.28,5.32,-0.55999994,-10.017887,366.0,805,0.1263057341003418,False,REGULAR,USD,2026-01-30,26,683.1699829101562,5.300000000000001,0.9858152711546266,0.07123287671232877
SPY260130C00694000,2026-01-02 21:12:13+00:00,694.0,4.79,4.86,4.89,-0.09000015,-1.8442653,715.0,992,0.124734094543457,False,REGULAR,USD,2026-01-30,26,683.1699829101562,4.875,0.9843947880549802,0.07123287671232877
SPY260130C00695000,2026-01-02 21:00:58+00:00,695.0,4.5,4.46,4.49,-0.07999992,-1.7467233,1831.0,2186,0.1233302999877929,False,REGULAR,USD,2026-01-30,26,683.1699829101562,4.475,0.9829783926764838,0.07123287671232877
SPY260130C00696000,2026-01-02 21:02:41+00:00,696.0,4.14,4.08,4.11,-0.010000229,-0.24096936,785.0,903,0.1219570227050781,False,REGULAR,USD,2026-01-30,26,683.1699829101562,4.095000000000001,0.9815660673996498,0.07123287671232877
SPY260130C00697000,2026-01-02 21:12:11+00:00,697.0,3.68,3.72,3.75,-0.18999982,-4.9095564,462.0,1007,0.1205837454223632,False,REGULAR,USD,2026-01-30,26,683.1699829101562,3.7350000000000003,0.9801577947061065,0.07123287671232877
SPY260130C00698000,2026-01-02 20:54:58+00:00,698.0,3.16,3.39,3.42,-0.32999992,-9.4555855,724.0,4758,0.1193935717773437,False,REGULAR,USD,2026-01-30,26,683.1699829101562,3.4050000000000002,0.9787535571778743,0.07123287671232877
SPY260130C00699000,2026-01-02 20:47:26+00:00,699.0,2.8,3.07,3.1,-0.33000016,-10.543136,187.0,969,0.1180508117675781,False,REGULAR,USD,2026-01-30,26,683.1699829101562,3.085,0.977353337496647,0.07123287671232877
SPY260130C00700000,2026-01-02 21:12:11+00:00,700.0,2.74,2.78,2.81,-0.17000008,-5.841927,4557.0,9784,0.116921672668457,False,REGULAR,USD,2026-01-30,26,683.1699829101562,2.795,0.9759571184430803,0.07123287671232877
SPY260130C00701000,2026-01-02 21:00:58+00:00,701.0,2.52,2.51,2.54,-0.099999905,-3.8167906,630.0,1121,0.1158230508422851,False,REGULAR,USD,2026-01-30,26,683.1699829101562,2.525,0.9745648828960859,0.07123287671232877
SPY260130C00702000,2026-01-02 20:58:48+00:00,702.0,2.12,2.26,2.28,-0.23000002,-9.787235,353.0,1800,0.1145718426513672,False,REGULAR,USD,2026-01-30,26,683.1699829101562,2.2699999999999996,0.9731766138321314,0.07123287671232877
SPY260130C00703000,2026-01-02 20:58:48+00:00,703.0,1.9,2.03,2.05,-0.24000013,-11.214959,901.0,1813,0.1135952899169921,False,REGULAR,USD,2026-01-30,26,683.1699829101562,2.04,0.9717922943245466,0.07123287671232877
SPY260130C00704000,2026-01-02 20:58:48+00:00,704.0,1.76,1.81,1.84,-0.14999998,-7.853402,470.0,1632,0.1126797717285156,False,REGULAR,USD,2026-01-30,26,683.1699829101562,1.8250000000000002,0.9704119075428356,0.07123287671232877
SPY260130C00705000,2026-01-02 21:11:30+00:00,705.0,1.61,1.62,1.64,-0.15999997,-9.039547,1016.0,3496,0.1116421844482421,False,REGULAR,USD,2026-01-30,26,683.1699829101562,1.63,0.9690354367519947,0.07123287671232877
SPY260130C00706000,2026-01-02 20:59:18+00:00,706.0,1.41,1.44,1.46,-0.13999999,-9.032258,502.0,883,0.1107266662597656,False,REGULAR,USD,2026-01-30,26,683.1699829101562,1.45,0.9676628653118361,0.07123287671232877
SPY260130C00707000,2026-01-02 21:12:11+00:00,707.0,1.25,1.28,1.3,-0.13,-9.42029,180.0,876,0.1099332171630859,False,REGULAR,USD,2026-01-30,26,683.1699829101562,1.29,0.9662941766763172,0.07123287671232877
SPY260130C00708000,2026-01-02 21:12:17+00:00,708.0,1.11,1.13,1.16,-0.120000005,-9.756098,729.0,1370,0.1093228717041015,False,REGULAR,USD,2026-01-30,26,683.1699829101562,1.145,0.9649293543928761,0.07123287671232877
SPY260130C00709000,2026-01-02 21:03:48+00:00,709.0,1.0,1.0,1.02,-0.13,-11.504424,428.0,1091,0.108407353515625,False,REGULAR,USD,2026-01-30,26,683.1699829101562,1.01,0.9635683821017719,0.07123287671232877
SPY260130C00710000,2026-01-02 21:02:34+00:00,710.0,0.9,0.89,0.9,-0.08000004,-8.16327,2462.0,3650,0.1076749389648437,False,REGULAR,USD,2026-01-30,26,683.1699829101562,0.895,0.9622112435354313,0.07123287671232877
SPY260130C00711000,2026-01-02 20:52:32+00:00,711.0,0.73,0.78,0.8,-0.21999997,-23.157892,188.0,888,0.1073087316894531,False,REGULAR,USD,2026-01-30,26,683.1699829101562,0.79,0.9608579225178007,0.07123287671232877
SPY260130C00712000,2026-01-02 21:00:16+00:00,712.0,0.7,0.69,0.7,-0.100000024,-12.500003,442.0,1179,0.1065763171386718,False,REGULAR,USD,2026-01-30,26,683.1699829101562,0.695,0.9595084029637025,0.07123287671232877
SPY260130C00713000,2026-01-02 18:48:32+00:00,713.0,0.57,0.6,0.62,-0.13999999,-19.71831,101.0,879,0.1062101098632812,False,REGULAR,USD,2026-01-30,26,683.1699829101562,0.61,0.9581626688781996,0.07123287671232877
SPY260130C00714000,2026-01-02 20:28:56+00:00,714.0,0.54,0.53,0.54,-0.15999997,-22.857138,107.0,756,0.1055997644042968,False,REGULAR,USD,2026-01-30,26,683.1699829101562,0.535,0.9568207043559611,0.07123287671232877
SPY260130C00715000,2026-01-02 20:41:14+00:00,715.0,0.46,0.47,0.48,-0.09,-16.363638,703.0,4104,0.1054776953125,False,REGULAR,USD,2026-01-30,26,683.1699829101562,0.475,0.9554824935806381,0.07123287671232877
SPY260130C00716000,2026-01-02 19:40:15+00:00,716.0,0.44,0.41,0.42,-0.060000002,-12.0,162.0,1315,0.1050504534912109,False,REGULAR,USD,2026-01-30,26,683.1699829101562,0.415,0.9541480208242406,0.07123287671232877
SPY260130C00717000,2026-01-02 21:14:18+00:00,717.0,0.36,0.36,0.37,-0.089999974,-19.999994,234.0,2413,0.1048673498535156,False,REGULAR,USD,2026-01-30,26,683.1699829101562,0.365,0.952817270446522,0.07123287671232877
SPY260130C00718000,2026-01-02 21:13:29+00:00,718.0,0.32,0.32,0.33,-0.099999994,-23.809523,398.0,19101,0.1049894189453125,False,REGULAR,USD,2026-01-30,26,683.1699829101562,0.325,0.951490226894368,0.07123287671232877
SPY260130C00719000,2026-01-02 16:38:32+00:00,719.0,0.29,0.28,0.29,-0.07000002,-19.444448,88.0,3091,0.1047452807617187,False,REGULAR,USD,2026-01-30,26,683.1699829101562,0.28500000000000003,0.9501668747011909,0.07123287671232877
SPY260130C00720000,2026-01-02 21:06:07+00:00,720.0,0.25,0.25,0.26,-0.08000001,-24.242428,3150.0,7030,0.1049894189453125,False,REGULAR,USD,2026-01-30,26,683.1699829101562,0.255,0.9488471984863281,0.07123287671232877
SPY260130C00721000,2026-01-02 20:23:29+00:00,721.0,0.23,0.22,0.23,-0.059999987,-20.689651,412.0,1116,0.1049894189453125,False,REGULAR,USD,2026-01-30,26,683.1699829101562,0.225,0.9475311829544469,0.07123287671232877
SPY260130C00722000,2026-01-02 20:28:06+00:00,722.0,0.21,0.19,0.21,-0.07000001,-25.000004,534.0,927,0.1057218334960937,False,REGULAR,USD,2026-01-30,26,683.1699829101562,0.2,0.9462188128949532,0.07123287671232877
SPY260130C00723000,2026-01-02 18:36:10+00:00,723.0,0.17,0.17,0.19,-0.11999999,-41.37931,406.0,277,0.1060880407714843,False,REGULAR,USD,2026-01-30,26,683.1699829101562,0.18,0.9449100731814056,0.07123287671232877
SPY260130C00724000,2026-01-02 18:13:51+00:00,724.0,0.17,0.16,0.17,-0.060000002,-26.086956,168.0,519,0.106454248046875,False,REGULAR,USD,2026-01-30,26,683.1699829101562,0.165,0.943604948770934,0.07123287671232877
SPY260130C00725000,2026-01-02 20:58:08+00:00,725.0,0.14,0.14,0.15,-0.099999994,-41.666664,726.0,5308,0.106454248046875,False,REGULAR,USD,2026-01-30,26,683.1699829101562,0.14500000000000002,0.9423034247036638,0.07123287671232877
SPY260130C00726000,2026-01-02 17:48:33+00:00,726.0,0.13,0.13,0.14,-0.060000002,-31.578949,14.0,2866,0.10743080078125,False,REGULAR,USD,2026-01-30,26,683.1699829101562,0.135,0.9410054861021436,0.07123287671232877
SPY260130C00727000,2026-01-02 18:15:06+00:00,727.0,0.11,0.12,0.13,-0.11,-50.0,4.0,312,0.1081632153320312,False,REGULAR,USD,2026-01-30,26,683.1699829101562,0.125,0.9397111181707789,0.07123287671232877
SPY260130C00728000,2026-01-02 20:36:50+00:00,728.0,0.11,0.11,0.12,-0.049999997,-31.25,184.0,599,0.1091397680664062,False,REGULAR,USD,2026-01-30,26,683.1699829101562,0.11499999999999999,0.9384203061952696,0.07123287671232877
SPY260130C00729000,2025-12-31 18:17:33+00:00,729.0,0.13,0.1,0.11,-0.07000001,-35.000004,8.0,593,0.1096280444335937,False,REGULAR,USD,2026-01-30,26,683.1699829101562,0.10500000000000001,0.9371330355420525,0.07123287671232877
SPY260130C00730000,2026-01-02 20:34:13+00:00,730.0,0.1,0.09,0.1,-0.059999995,-37.499996,2042.0,2271,0.1101163208007812,False,REGULAR,USD,2026-01-30,26,683.1699829101562,0.095,0.9358492916577483,0.07123287671232877
SPY260130C00731000,2026-01-02 18:04:15+00:00,731.0,0.09,0.08,0.1,-0.029999994,-24.999996,102.0,3611,0.1120694262695312,False,REGULAR,USD,2026-01-30,26,683.1699829101562,0.09,0.9345690600686132,0.07123287671232877
SPY260130C00732000,2026-01-02 16:54:34+00:00,732.0,0.09,0.08,0.09,-0.08,-47.058823,104.0,1042,0.1125577026367187,False,REGULAR,USD,2026-01-30,26,683.1699829101562,0.08499999999999999,0.9332923263799949,0.07123287671232877
SPY260130C00733000,2026-01-02 18:02:28+00:00,733.0,0.08,0.07,0.09,-0.07000001,-46.66667,1.0,613,0.114266669921875,False,REGULAR,USD,2026-01-30,26,683.1699829101562,0.08,0.932019076275793,0.07123287671232877
SPY260130C00734000,2026-01-02 16:49:02+00:00,734.0,0.09,0.07,0.08,-0.03999999,-30.769226,154.0,782,0.1145108081054687,False,REGULAR,USD,2026-01-30,26,683.1699829101562,0.07500000000000001,0.9307492955179241,0.07123287671232877
SPY260130C00735000,2026-01-02 18:28:36+00:00,735.0,0.07,0.07,0.08,-0.049999997,-41.666664,16.0,712,0.1164639135742187,False,REGULAR,USD,2026-01-30,26,683.1699829101562,0.07500000000000001,0.9294829699457908,0.07123287671232877
SPY260130C00736000,2025-12-30 18:29:31+00:00,736.0,0.1,0.06,0.07,-0.080000006,-44.444447,100.0,629,0.116219775390625,False,REGULAR,USD,2026-01-30,26,683.1699829101562,0.065,0.9282200854757557,0.07123287671232877
SPY260130C00737000,2026-01-02 20:44:10+00:00,737.0,0.06,0.06,0.07,-0.06999999,-53.84615,19.0,341,0.118172880859375,False,REGULAR,USD,2026-01-30,26,683.1699829101562,0.065,0.9269606281006191,0.07123287671232877
SPY260130C00738000,2026-01-02 15:20:30+00:00,738.0,0.06,0.06,0.07,-0.06,-50.0,102.0,336,0.1201259863281249,False,REGULAR,USD,2026-01-30,26,683.1699829101562,0.065,0.9257045838891006,0.07123287671232877
SPY260130C00739000,2026-01-02 14:44:29+00:00,739.0,0.09,0.06,0.07,0.0,0.0,8.0,181,0.1218349536132812,False,REGULAR,USD,2026-01-30,26,683.1699829101562,0.065,0.9244519389853264,0.07123287671232877
SPY260130C00740000,2026-01-02 20:58:08+00:00,740.0,0.05,0.05,0.06,-0.040000003,-44.444447,31.0,2495,0.1215908154296875,False,REGULAR,USD,2026-01-30,26,683.1699829101562,0.055,0.9232026796083193,0.07123287671232877
SPY260130C00741000,2025-12-31 20:54:40+00:00,741.0,0.07,0.05,0.06,0.0,0.0,5.0,313,0.12305564453125,False,REGULAR,USD,2026-01-30,26,683.1699829101562,0.055,0.921956792051493,0.07123287671232877
SPY260130C00742000,2025-12-31 17:26:04+00:00,742.0,0.06,0.05,0.06,-0.030000005,-33.333336,100.0,314,0.12500875,False,REGULAR,USD,2026-01-30,26,683.1699829101562,0.055,0.9207142626821513,0.07123287671232877
SPY260130C00743000,2025-12-31 20:39:51+00:00,743.0,0.08,0.05,0.06,0.0,0.0,1.0,552,0.12696185546875,False,REGULAR,USD,2026-01-30,26,683.1699829101562,0.055,0.9194750779409909,0.07123287671232877
SPY260130C00744000,2026-01-02 14:47:32+00:00,744.0,0.05,0.05,0.06,-0.029999997,-37.499996,1317.0,281,0.1284266845703124,False,REGULAR,USD,2026-01-30,26,683.1699829101562,0.055,0.9182392243416079,0.07123287671232877
SPY260130C00745000,2026-01-02 21:12:17+00:00,745.0,0.05,0.04,0.05,-0.02,-28.571426,16.0,2046,0.1274501318359375,False,REGULAR,USD,2026-01-30,26,683.1699829101562,0.045,0.9170066884700084,0.07123287671232877
SPY260130C00746000,2026-01-02 14:44:41+00:00,746.0,0.05,0.04,0.05,-0.029999997,-37.499996,40.0,694,0.1294032373046875,False,REGULAR,USD,2026-01-30,26,683.1699829101562,0.045,0.9157774569841236,0.07123287671232877
SPY260130C00747000,2025-12-31 19:27:37+00:00,747.0,0.07,0.04,0.05,0.0,0.0,68.0,1211,0.1308680664062499,False,REGULAR,USD,2026-01-30,26,683.1699829101562,0.045,0.9145515166133283,0.07123287671232877
SPY260130C00748000,2025-12-31 19:25:52+00:00,748.0,0.07,0.04,0.05,0.0,0.0,338.0,647,0.132821171875,False,REGULAR,USD,2026-01-30,26,683.1699829101562,0.045,0.9133288541579629,0.07123287671232877
SPY260130C00749000,2026-01-02 20:05:23+00:00,749.0,0.04,0.04,0.05,-0.030000001,-42.857143,606.0,519,0.1342860009765625,False,REGULAR,USD,2026-01-30,26,683.1699829101562,0.045,0.9121094564888601,0.07123287671232877
SPY260130C00750000,2026-01-02 20:50:29+00:00,750.0,0.04,0.04,0.05,-0.02,-33.333336,4994.0,7368,0.1362391064453125,False,REGULAR,USD,2026-01-30,26,683.1699829101562,0.045,0.910893310546875,0.07123287671232877
SPY260130C00755000,2026-01-02 19:53:53+00:00,755.0,0.04,0.03,0.04,-0.02,-33.333336,51.0,1076,0.1411218701171875,False,REGULAR,USD,2026-01-30,26,683.1699829101562,0.035,0.9048609045167633,0.07123287671232877
SPY260130C00760000,2026-01-02 19:36:39+00:00,760.0,0.03,0.03,0.04,-0.020000001,-40.000004,8.0,1793,0.149422568359375,False,REGULAR,USD,2026-01-30,26,683.1699829101562,0.035,0.8989078722502056,0.07123287671232877
SPY260130C00765000,2026-01-02 20:34:12+00:00,765.0,0.03,0.03,0.04,-0.01,-25.0,28.0,1622,0.157234990234375,False,REGULAR,USD,2026-01-30,26,683.1699829101562,0.035,0.893032657398897,0.07123287671232877
SPY260130C00770000,2026-01-02 20:04:53+00:00,770.0,0.03,0.02,0.03,-0.01,-25.0,2860.0,693,0.161141201171875,False,REGULAR,USD,2026-01-30,26,683.1699829101562,0.025,0.887233744039164,0.07123287671232877
SPY260130C00775000,2025-12-31 15:12:05+00:00,775.0,0.03,0.02,0.03,0.0,0.0,6.0,804,0.168953623046875,False,REGULAR,USD,2026-01-30,26,683.1699829101562,0.025,0.8815096553679436,0.07123287671232877
SPY260130C00780000,2026-01-02 16:07:37+00:00,780.0,0.02,0.02,0.03,-0.01,-33.333336,1004.0,2319,0.1757894921875,False,REGULAR,USD,2026-01-30,26,683.1699829101562,0.025,0.8758589524489183,0.07123287671232877
SPY260130C00785000,2025-12-31 20:51:10+00:00,785.0,0.02,0.02,0.03,0.0,0.0,7.0,762,0.1836019140624999,False,REGULAR,USD,2026-01-30,26,683.1699829101562,0.025,0.8702802330065684,0.07123287671232877
SPY260130C00790000,2026-01-02 17:02:57+00:00,790.0,0.02,0.02,0.03,0.0,0.0,51.0,3255,0.1914143359375,False,REGULAR,USD,2026-01-30,26,683.1699829101562,0.025,0.8647721302660206,0.07123287671232877
SPY260130C00795000,2025-12-30 19:48:01+00:00,795.0,0.03,0.01,0.02,0.0,0.0,50.0,55,0.1914143359375,False,REGULAR,USD,2026-01-30,26,683.1699829101562,0.015,0.8593333118366745,0.07123287671232877
SPY260130C00800000,2026-01-02 17:13:11+00:00,800.0,0.02,0.01,0.02,-0.01,-33.333336,2.0,142,0.1992267578125,False,REGULAR,USD,2026-01-30,26,683.1699829101562,0.015,0.8539624786376954,0.07123287671232877
SPY260206C00645000,2026-01-02 20:47:05+00:00,645.0,42.32,41.47,44.98,-4.779999,-10.148618,26.0,48,0.253364400024414,True,REGULAR,USD,2026-02-06,33,683.1699829101562,43.224999999999994,1.0591782680777617,0.09041095890410959
SPY260206C00650000,2026-01-02 18:40:33+00:00,650.0,38.84,36.91,40.43,-1.4399986,-3.574972,597.0,17,0.2406081799316406,True,REGULAR,USD,2026-02-06,33,683.1699829101562,38.67,1.051030742938702,0.09041095890410959
SPY260206C00675000,2026-01-02 19:31:08+00:00,675.0,17.55,17.72,17.95,-0.80000114,-4.359679,14.0,134,0.1629112030029297,True,REGULAR,USD,2026-02-06,33,683.1699829101562,17.835,1.0121036783854167,0.09041095890410959
SPY260206C00679000,2026-01-02 20:45:53+00:00,679.0,14.5,14.88,15.11,-0.77999973,-5.1047106,65.0,8,0.1557396438598632,True,REGULAR,USD,2026-02-06,33,683.1699829101562,14.995000000000001,1.0061413592196704,0.09041095890410959
SPY260206C00680000,2026-01-02 20:52:02+00:00,680.0,13.83,14.22,14.38,-0.6300001,-4.3568473,899.0,23,0.1533898138427734,True,REGULAR,USD,2026-02-06,33,683.1699829101562,14.3,1.0046617395737591,0.09041095890410959
SPY260206C00681000,2026-01-02 20:59:53+00:00,681.0,13.6,13.6,13.73,0.11000061,0.81542337,391.0,9,0.1518639501953125,True,REGULAR,USD,2026-02-06,33,683.1699829101562,13.665,1.0031864653599945,0.09041095890410959
SPY260206C00683000,2026-01-02 21:14:48+00:00,683.0,12.33,12.31,12.4,0.17000008,1.398027,342.0,121,0.1480492910766602,True,REGULAR,USD,2026-02-06,33,683.1699829101562,12.355,1.0002488768816344,0.09041095890410959
SPY260206C00684000,2026-01-02 21:14:30+00:00,684.0,11.7,11.7,11.74,-0.77999973,-6.249998,490.0,31,0.1459588578796386,False,REGULAR,USD,2026-02-06,33,683.1699829101562,11.719999999999999,0.9987865247224507,0.09041095890410959
SPY260206C00685000,2026-01-02 21:13:49+00:00,685.0,11.07,11.09,11.13,0.03999996,0.362647,1904.0,318,0.1443261837768554,False,REGULAR,USD,2026-02-06,33,683.1699829101562,11.11,0.9973284422046077,0.09041095890410959
SPY260206C00686000,2026-01-02 21:06:48+00:00,686.0,10.49,10.49,10.53,0.059999466,0.57525855,196.0,110,0.1426477337646484,False,REGULAR,USD,2026-02-06,33,683.1699829101562,10.51,0.9958746106562044,0.09041095890410959
SPY260206C00687000,2026-01-02 21:12:51+00:00,687.0,9.88,9.9,9.95,0.0,0.0,100.0,249,0.1410303182983398,False,REGULAR,USD,2026-02-06,33,683.1699829101562,9.925,0.9944250115140557,0.09041095890410959
SPY260206C00688000,2026-01-02 20:53:26+00:00,688.0,9.07,9.34,9.38,-0.3600006,-3.8176098,107.0,143,0.1393671269226074,False,REGULAR,USD,2026-02-06,33,683.1699829101562,9.36,0.9929796263229015,0.09041095890410959
SPY260206C00689000,2026-01-02 19:54:34+00:00,689.0,8.84,8.79,8.83,-0.60999966,-6.455023,364.0,172,0.1377649700927734,False,REGULAR,USD,2026-02-06,33,683.1699829101562,8.809999999999999,0.9915384367346245,0.09041095890410959
SPY260206C00690000,2026-01-02 21:05:36+00:00,690.0,8.26,8.26,8.3,0.030000687,0.36452842,1028.0,482,0.1362391064453125,False,REGULAR,USD,2026-02-06,33,683.1699829101562,8.280000000000001,0.9901014245074728,0.09041095890410959
SPY260206C00691000,2026-01-02 20:58:48+00:00,691.0,7.44,7.74,7.77,-0.3800001,-4.8593364,12.0,82,0.134499621887207,False,REGULAR,USD,2026-02-06,33,683.1699829101562,7.755,0.9886685715052912,0.09041095890410959
SPY260206C00692000,2026-01-02 18:50:47+00:00,692.0,6.0,7.25,7.29,-1.3200002,-18.03279,98.0,179,0.1332026377868652,False,REGULAR,USD,2026-02-06,33,683.1699829101562,7.27,0.9872398596967575,0.09041095890410959
SPY260206C00693000,2026-01-02 18:50:47+00:00,693.0,6.67,6.77,6.81,-0.46000004,-6.4516134,73.0,238,0.1316920327758789,False,REGULAR,USD,2026-02-06,33,683.1699829101562,6.789999999999999,0.9858152711546266,0.09041095890410959
SPY260206C00694000,2026-01-02 20:25:42+00:00,694.0,6.24,6.31,6.35,-0.64000034,-9.302331,115.0,39,0.130242462310791,False,REGULAR,USD,2026-02-06,33,683.1699829101562,6.33,0.9843947880549802,0.09041095890410959
SPY260206C00695000,2026-01-02 21:12:04+00:00,695.0,5.84,5.87,5.91,-0.12999964,-2.1775484,294.0,738,0.1288234091186523,False,REGULAR,USD,2026-02-06,33,683.1699829101562,5.890000000000001,0.9829783926764838,0.09041095890410959
SPY260206C00696000,2026-01-02 20:58:48+00:00,696.0,5.23,5.45,5.49,-0.34000015,-6.1041317,173.0,170,0.1274806491088867,False,REGULAR,USD,2026-02-06,33,683.1699829101562,5.470000000000001,0.9815660673996498,0.09041095890410959
SPY260206C00697000,2026-01-02 21:02:02+00:00,697.0,5.1,5.06,5.1,-0.1800003,-3.4090967,185.0,149,0.1262904754638671,False,REGULAR,USD,2026-02-06,33,683.1699829101562,5.08,0.9801577947061065,0.09041095890410959
SPY260206C00698000,2026-01-02 20:58:48+00:00,698.0,4.47,4.68,4.72,-0.2800002,-5.8947415,409.0,43,0.12500875,False,REGULAR,USD,2026-02-06,33,683.1699829101562,4.699999999999999,0.9787535571778743,0.09041095890410959
SPY260206C00699000,2026-01-02 21:13:41+00:00,699.0,4.29,4.33,4.36,-0.61000013,-12.448982,144.0,137,0.1237880590820312,False,REGULAR,USD,2026-02-06,33,683.1699829101562,4.345000000000001,0.977353337496647,0.09041095890410959
SPY260206C00700000,2026-01-02 21:08:35+00:00,700.0,4.0,3.99,4.02,-0.11000013,-2.6764023,841.0,720,0.1226284027099609,False,REGULAR,USD,2026-02-06,33,683.1699829101562,4.005,0.9759571184430803,0.09041095890410959
SPY260206C00701000,2026-01-02 20:58:48+00:00,701.0,3.48,3.67,3.7,-0.31999993,-8.421051,271.0,23,0.1214992636108398,False,REGULAR,USD,2026-02-06,33,683.1699829101562,3.685,0.9745648828960859,0.09041095890410959
SPY260206C00702000,2026-01-02 21:02:02+00:00,702.0,3.38,3.37,3.4,-0.07999992,-2.3121364,225.0,210,0.1204311590576171,False,REGULAR,USD,2026-02-06,33,683.1699829101562,3.385,0.9731766138321314,0.09041095890410959
SPY260206C00704000,2026-01-02 21:13:41+00:00,704.0,2.82,2.82,2.85,-0.48000002,-14.545456,163.0,409,0.1183559844970703,False,REGULAR,USD,2026-02-06,33,683.1699829101562,2.835,0.9704119075428356,0.09041095890410959
SPY260206C00705000,2026-01-02 21:14:45+00:00,705.0,2.56,2.58,2.6,-0.13000011,-4.832718,626.0,1002,0.1173794317626953,False,REGULAR,USD,2026-02-06,33,683.1699829101562,2.59,0.9690354367519947,0.09041095890410959
SPY260206C00706000,2026-01-02 21:01:41+00:00,706.0,2.35,2.35,2.37,-0.13000011,-5.24194,437.0,919,0.1164639135742187,False,REGULAR,USD,2026-02-06,33,683.1699829101562,2.3600000000000003,0.9676628653118361,0.09041095890410959
SPY260206C00707000,2026-01-02 20:58:48+00:00,707.0,2.02,2.14,2.16,-0.49,-19.521914,431.0,613,0.115670464477539,False,REGULAR,USD,2026-02-06,33,683.1699829101562,2.1500000000000004,0.9662941766763172,0.09041095890410959
SPY260206C00708000,2026-01-02 20:56:39+00:00,708.0,1.87,1.94,1.97,-0.17999995,-8.780485,70.0,715,0.1150296017456054,False,REGULAR,USD,2026-02-06,33,683.1699829101562,1.955,0.9649293543928761,0.09041095890410959
SPY260206C00709000,2026-01-02 17:32:05+00:00,709.0,1.75,1.76,1.78,-0.3599999,-17.061607,39.0,478,0.1141140835571289,False,REGULAR,USD,2026-02-06,33,683.1699829101562,1.77,0.9635683821017719,0.09041095890410959
SPY260206C00710000,2026-01-02 20:43:43+00:00,710.0,1.51,1.59,1.62,-0.28999996,-16.11111,195.0,482,0.1135647726440429,False,REGULAR,USD,2026-02-06,33,683.1699829101562,1.605,0.9622112435354313,0.09041095890410959
SPY260206C00711000,2026-01-02 17:23:43+00:00,711.0,1.37,1.44,1.46,-0.7399999,-35.071087,10.0,733,0.112740806274414,False,REGULAR,USD,2026-02-06,33,683.1699829101562,1.45,0.9608579225178007,0.09041095890410959
SPY260206C00712000,2026-01-02 20:26:59+00:00,712.0,1.29,1.3,1.32,-0.1500001,-10.416673,320.0,722,0.1121914953613281,False,REGULAR,USD,2026-02-06,33,683.1699829101562,1.31,0.9595084029637025,0.09041095890410959
SPY260206C00713000,2026-01-02 18:57:26+00:00,713.0,0.93,1.17,1.19,-0.34999996,-27.343746,414.0,317,0.1115811499023437,False,REGULAR,USD,2026-02-06,33,683.1699829101562,1.18,0.9581626688781996,0.09041095890410959
SPY260206C00714000,2026-01-02 21:11:10+00:00,714.0,1.06,1.06,1.07,-0.2700001,-20.30076,293.0,606,0.1109708044433593,False,REGULAR,USD,2026-02-06,33,683.1699829101562,1.065,0.9568207043559611,0.09041095890410959
SPY260206C00715000,2026-01-02 21:14:45+00:00,715.0,0.95,0.95,0.97,-0.120000064,-11.214959,203.0,1165,0.1106656317138671,False,REGULAR,USD,2026-02-06,33,683.1699829101562,0.96,0.9554824935806381,0.09041095890410959
SPY260206C00716000,2026-01-02 18:11:20+00:00,716.0,0.74,0.85,0.87,-0.29999995,-28.846151,22.0,518,0.1101773553466796,False,REGULAR,USD,2026-02-06,33,683.1699829101562,0.86,0.9541480208242406,0.09041095890410959
SPY260206C00717000,2026-01-02 19:29:23+00:00,717.0,0.74,0.77,0.78,-0.120000005,-13.953489,8.0,508,0.1096890789794921,False,REGULAR,USD,2026-02-06,33,683.1699829101562,0.775,0.952817270446522,0.09041095890410959
SPY260206C00718000,2026-01-02 18:14:34+00:00,718.0,0.72,0.69,0.7,-0.06999999,-8.860759,552.0,1795,0.1093228717041015,False,REGULAR,USD,2026-02-06,33,683.1699829101562,0.695,0.951490226894368,0.09041095890410959
SPY260206C00719000,2026-01-02 16:36:34+00:00,719.0,0.59,0.62,0.63,-0.120000005,-16.90141,25.0,323,0.1090176989746093,False,REGULAR,USD,2026-02-06,33,683.1699829101562,0.625,0.9501668747011909,0.09041095890410959
SPY260206C00720000,2026-01-02 21:10:44+00:00,720.0,0.56,0.56,0.57,-0.089999974,-13.84615,160.0,2023,0.1089566644287109,False,REGULAR,USD,2026-02-06,33,683.1699829101562,0.565,0.9488471984863281,0.09041095890410959
SPY260206C00725000,2026-01-02 20:48:17+00:00,725.0,0.31,0.33,0.34,-0.099999994,-24.390244,163.0,808,0.1086514916992187,False,REGULAR,USD,2026-02-06,33,683.1699829101562,0.335,0.9423034247036638,0.09041095890410959
SPY260206C00730000,2026-01-02 20:07:23+00:00,730.0,0.2,0.2,0.22,-0.11999999,-37.499996,111.0,345,0.1103604589843749,False,REGULAR,USD,2026-02-06,33,683.1699829101562,0.21000000000000002,0.9358492916577483,0.09041095890410959
SPY260206C00735000,2026-01-02 21:11:10+00:00,735.0,0.13,0.13,0.15,-0.13,-50.0,12.0,394,0.1130459790039062,False,REGULAR,USD,2026-02-06,33,683.1699829101562,0.14,0.9294829699457908,0.09041095890410959
SPY260206C00740000,2026-01-02 21:13:19+00:00,740.0,0.11,0.1,0.11,-0.060000002,-35.294117,34.0,175,0.1167080517578125,False,REGULAR,USD,2026-02-06,33,683.1699829101562,0.10500000000000001,0.9232026796083193,0.09041095890410959
SPY260206C00750000,2026-01-02 14:33:04+00:00,750.0,0.09,0.06,0.07,-0.029999994,-24.999996,8.0,232,0.1262294409179687,False,REGULAR,USD,2026-02-06,33,683.1699829101562,0.065,0.910893310546875,0.09041095890410959
SPY260206C00755000,2025-12-31 17:29:43+00:00,755.0,0.1,0.05,0.06,0.0,0.0,15.0,26,0.131844619140625,False,REGULAR,USD,2026-02-06,33,683.1699829101562,0.055,0.9048609045167633,0.09041095890410959
SPY260206C00765000,2025-12-26 14:42:37+00:00,765.0,0.12,0.04,0.05,0.0,0.0,10.0,10,0.143563251953125,False,REGULAR,USD,2026-02-06,33,683.1699829101562,0.045,0.893032657398897,0.09041095890410959
SPY260206C00770000,2026-01-02 20:44:57+00:00,770.0,0.04,0.04,0.05,-0.02,-33.333336,27.0,115,0.151375673828125,False,REGULAR,USD,2026-02-06,33,683.1699829101562,0.045,0.887233744039164,0.09041095890410959
SPY260206C00775000,2025-12-26 17:54:38+00:00,775.0,0.08,0.03,0.04,0.0,0.0,40.0,40,0.15430533203125,False,REGULAR,USD,2026-02-06,33,683.1699829101562,0.035,0.8815096553679436,0.09041095890410959
